original_source_line,new_release_line,multiplicity,permutation_source_to_release
8,374,1,0;1;2;3
9,375,1,0;1;2;3
10,8759,1,0;1;2;3
11,503,1,0;1;2;3
12,29359,1,0;1;2;3
13,20114,1,0;1;2;3
14,1,1,0;1;2;3
15,130,1,0;1;2;3
16,133,1,0;1;2;3
17,2,1,0;1;2;3
358,376,2,0;1;2;3
359,631,2,0;1;2;3
360,8770,2,0;1;3;2
361,8836,2,0;1;2;3
362,8973,2,0;1;3;2
363,8835,2,0;1;2;3
364,504,2,0;1;2;3
365,29423,2,0;2;1;3
366,20246,2,0;3;2;1
367,8963,2,0;1;2;3
368,43810,2,0;1;2;3
369,33564,2,0;1;2;3
370,34907,2,0;1;2;3
371,20078,2,0;2;3;1
372,20115,2,0;1;2;3
373,3,2,0;1;2;3
374,135,2,0;1;2;3
1764,44415,3,0;1;2;3
1765,52180,3,0;1;2;3
1766,42960,3,0;3;1;2
1767,35050,3,0;1;2;3
1768,377,3,0;1;2;3
1769,632,3,0;1;2;3
1770,758,3,0;1;2;3
1771,8771,3,0;1;3;2
1772,8837,3,0;1;2;3
1773,8988,3,0;1;3;2
1774,50501,3,0;1;2;3
1775,8760,3,0;1;2;3
1776,9498,3,0;1;2;3
1777,505,3,0;1;2;3
1778,29487,3,0;1;2;3
1779,42806,3,0;3;1;2
1780,20344,3,0;3;1;2
1781,33565,3,0;3;1;2
1782,29360,3,0;1;3;2
1783,33531,3,0;3;1;2
1784,22887,3,0;3;2;1
1785,34906,3,0;1;2;3
1786,4,3,0;1;2;3
1787,138,3,0;1;2;3
2823,44516,4,0;1;2;3
2824,52673,4,0;1;2;3
2825,63007,4,0;3;1;2
2826,65278,4,0;1;2;3
2827,44414,4,0;1;2;3
2828,44033,4,0;1;2;3
2829,20089,4,0;3;1;2
2830,42783,4,0;3;1;2
2831,50523,4,0;3;1;2
2832,58846,4,0;1;2;3
2833,58595,4,0;1;3;2
2834,64408,4,0;1;2;3
2835,50524,4,0;2;1;3
2836,51723,4,0;3;1;2
2837,42784,4,0;3;2;1
2838,43946,4,0;2;3;1
2839,378,4,0;1;2;3
2840,633,4,0;1;2;3
2841,759,4,0;1;2;3
2842,884,4,0;1;2;3
2843,9596,4,0;1;2;3
2844,41939,4,0;1;2;3
2845,42974,4,0;1;3;2
2846,58721,4,0;1;3;2
2847,8838,4,0;1;2;3
2848,8974,4,0;1;2;3
2849,8994,4,0;1;3;2
2850,58658,4,0;1;3;2
2851,20238,4,0;3;2;1
2852,33541,4,0;3;1;2
2853,9587,4,0;1;2;3
2854,58594,4,0;2;1;3
2855,506,4,0;1;2;3
2856,29550,4,0;1;2;3
2857,20220,4,0;2;3;1
2858,33766,4,0;3;2;1
2859,50547,4,0;1;2;3
2860,20502,4,0;3;1;2
2861,42807,4,0;3;1;2
2862,34904,4,0;3;2;1
2863,29424,4,0;1;3;2
2864,34908,4,0;2;3;1
2865,5,4,0;1;2;3
2866,143,4,0;1;2;3
2867,141,4,0;1;2;3
5116,52672,5,0;1;2;3
5117,52821,5,0;1;2;3
5118,63015,5,0;1;3;2
5119,65716,5,0;1;2;3
5120,73642,5,0;1;2;3
5121,23466,5,0;3;2;1
5122,44517,5,0;3;2;1
5123,74611,5,0;3;1;2
5124,52350,5,0;1;2;3
5125,72005,5,0;1;2;3
5126,42961,5,0;3;1;2
5127,64504,5,0;3;2;1
5128,58909,5,0;1;2;3
5129,62849,5,0;1;2;3
5130,63014,5,0;1;3;2
5131,71805,5,0;1;3;2
5132,50790,5,0;3;1;2
5133,73044,5,0;1;3;2
5134,43938,5,0;3;2;1
5135,58659,5,0;1;3;2
5136,71797,5,0;1;3;2
5137,35159,5,0;3;1;2
5138,379,5,0;1;2;3
5139,634,5,0;1;2;3
5140,760,5,0;1;2;3
5141,885,5,0;1;2;3
5142,1009,5,0;1;2;3
5143,9515,5,0;1;2;3
5144,9722,5,0;1;2;3
5145,9508,5,0;1;3;2
5146,58784,5,0;1;2;3
5147,42928,5,0;3;1;2
5148,8839,5,0;1;2;3
5149,9005,5,0;1;3;2
5150,8995,5,0;1;3;2
5151,72878,5,0;2;1;3
5152,35161,5,0;3;2;1
5153,35058,5,0;3;2;1
5154,9706,5,0;1;2;3
5155,20128,5,0;1;3;2
5156,20079,5,0;2;3;1
5157,507,5,0;1;2;3
5158,8964,5,0;1;3;2
5159,29613,5,0;1;2;3
5160,33870,5,0;3;2;1
5161,50548,5,0;1;3;2
5162,62872,5,0;1;2;3
5163,20664,5,0;3;1;2
5164,29361,5,0;1;3;2
5165,42805,5,0;1;2;3
5166,20127,5,0;2;3;1
5167,29488,5,0;1;2;3
5168,20116,5,0;3;2;1
5169,6,5,0;1;2;3
5170,148,5,0;1;2;3
5923,82353,6,0;2;1;3
5924,44416,6,0;2;3;1
5925,63116,6,0;1;3;2
5926,64896,6,0;1;3;2
5927,65403,6,0;1;2;3
5928,52674,6,0;2;1;3
5929,65715,6,0;1;2;3
5930,65913,6,0;1;2;3
5931,72012,6,0;1;3;2
5932,50802,6,0;3;1;2
5933,82953,6,0;3;1;2
5934,75055,6,0;1;2;3
5935,20227,6,0;3;1;2
5936,50682,6,0;3;1;2
5937,79975,6,0;1;2;3
5938,80870,6,0;1;3;2
5939,82447,6,0;3;1;2
5940,52182,6,0;3;1;2
5941,44412,6,0;3;2;1
5942,44610,6,0;3;2;1
5943,83732,6,0;1;2;3
5944,52265,6,0;2;3;1
5945,73735,6,0;3;2;1
5946,33871,6,0;3;2;1
5947,63016,6,0;1;3;2
5948,79927,6,0;1;3;2
5949,35630,6,0;3;2;1
5950,35713,6,0;3;2;1
5951,51840,6,0;3;1;2
5952,58971,6,0;1;2;3
5953,58596,6,0;1;3;2
5954,58722,6,0;1;3;2
5955,50801,6,0;3;2;1
5956,51898,6,0;3;1;2
5957,82124,6,0;1;2;3
5958,71821,6,0;2;1;3
5959,51725,6,0;3;1;2
5960,62833,6,0;3;2;1
5961,33567,6,0;3;2;1
5962,73051,6,0;1;2;3
5963,62822,6,0;3;1;2
5964,33568,6,0;3;2;1
5965,35068,6,0;3;2;1
5966,380,6,0;1;2;3
5967,635,6,0;1;2;3
5968,761,6,0;1;2;3
5969,886,6,0;1;2;3
5970,1010,6,0;1;2;3
5971,1133,6,0;1;2;3
5972,9610,6,0;1;2;3
5973,9737,6,0;1;3;2
5974,9846,6,0;1;2;3
5975,9597,6,0;1;3;2
5976,41964,6,0;1;2;3
5977,50818,6,0;1;3;2
5978,58847,6,0;1;2;3
5979,63023,6,0;1;3;2
5980,43811,6,0;2;3;1
5981,8840,6,0;1;2;3
5982,9015,6,0;1;3;2
5983,20321,6,0;3;2;1
5984,33542,6,0;3;2;1
5985,33772,6,0;1;3;2
5986,35048,6,0;3;2;1
5987,9819,6,0;1;2;3
5988,51586,6,0;2;1;3
5989,22888,6,0;3;2;1
5990,508,6,0;1;2;3
5991,29675,6,0;1;2;3
5992,20299,6,0;2;3;1
5993,29425,6,0;1;3;2
5994,33962,6,0;3;2;1
5995,62873,6,0;1;3;2
5996,71863,6,0;1;2;3
5997,20723,6,0;3;1;2
5998,43969,6,0;3;1;2
5999,63115,6,0;1;3;2
6000,72020,6,0;1;2;3
6001,29551,6,0;1;2;3
6002,7,6,0;1;2;3
6003,152,6,0;1;2;3
7219,90958,7,0;2;1;3
7220,64847,7,0;1;2;3
7221,52264,7,0;3;1;2
7222,82999,7,0;3;2;1
7223,74718,7,0;1;2;3
7224,90559,7,0;3;1;2
7225,75054,7,0;1;2;3
7226,75158,7,0;1;2;3
7227,79956,7,0;1;3;2
7228,81036,7,0;1;3;2
7229,82445,7,0;1;3;2
7230,52390,7,0;3;2;1
7231,84057,7,0;1;2;3
7232,89111,7,0;1;3;2
7233,20334,7,0;3;2;1
7234,91527,7,0;1;2;3
7235,50803,7,0;3;1;2
7236,64829,7,0;3;1;2
7237,64966,7,0;3;2;1
7238,65280,7,0;3;1;2
7239,92292,7,0;1;2;3
7240,52822,7,0;3;2;1
7241,20504,7,0;1;3;2
7242,63233,7,0;1;3;2
7243,80891,7,0;1;2;3
7244,80857,7,0;1;3;2
7245,88925,7,0;1;2;3
7246,89023,7,0;1;2;3
7247,50791,7,0;3;1;2
7248,52184,7,0;3;1;2
7249,35631,7,0;3;2;1
7250,36310,7,0;3;2;1
7251,91148,7,0;1;3;2
7252,82153,7,0;3;2;1
7253,59033,7,0;1;2;3
7254,58785,7,0;1;3;2
7255,63232,7,0;1;3;2
7256,20250,7,0;3;2;1
7257,20503,7,0;3;2;1
7258,81035,7,0;1;3;2
7259,88917,7,0;1;2;3
7260,88734,7,0;1;3;2
7261,63211,7,0;3;1;2
7262,89902,7,0;1;3;2
7263,90013,7,0;1;3;2
7264,44079,7,0;3;1;2
7265,22982,7,0;3;2;1
7266,58660,7,0;1;3;2
7267,20322,7,0;3;2;1
7268,35051,7,0;3;2;1
7269,33752,7,0;3;2;1
7270,381,7,0;1;2;3
7271,636,7,0;1;2;3
7272,762,7,0;1;2;3
7273,887,7,0;1;2;3
7274,1011,7,0;1;2;3
7275,1134,7,0;1;2;3
7276,1256,7,0;1;2;3
7277,9715,7,0;1;2;3
7278,9728,7,0;1;2;3
7279,9840,7,0;1;2;3
7280,9847,7,0;1;2;3
7281,9990,7,0;1;2;3
7282,9521,7,0;1;3;2
7283,43829,7,0;1;2;3
7284,58910,7,0;1;2;3
7285,51933,7,0;3;1;2
7286,8841,7,0;1;2;3
7287,9024,7,0;1;3;2
7288,8975,7,0;1;3;2
7289,9006,7,0;1;3;2
7290,50696,7,0;1;2;3
7291,34918,7,0;3;1;2
7292,9976,7,0;1;2;3
7293,9499,7,0;1;3;2
7294,509,7,0;1;2;3
7295,29737,7,0;1;2;3
7296,29489,7,0;1;3;2
7297,33594,7,0;1;2;3
7298,33519,7,0;2;3;1
7299,34025,7,0;3;2;1
7300,71864,7,0;1;3;2
7301,80786,7,0;1;2;3
7302,20809,7,0;3;1;2
7303,33566,7,0;3;1;2
7304,33595,7,0;3;2;1
7305,29362,7,0;1;3;2
7306,29614,7,0;1;2;3
7307,33532,7,0;3;2;1
7308,8,7,0;1;2;3
7309,136,7,0;1;2;3
7310,156,7,0;1;2;3
8775,64846,8,0;1;2;3
8776,52675,8,0;2;3;1
8777,64976,8,0;3;1;2
8778,102698,8,0;2;1;3
8779,74091,8,0;1;3;2
8780,74313,8,0;1;2;3
8781,65339,8,0;3;1;2
8782,65717,8,0;2;1;3
8783,91585,8,0;3;2;1
8784,81043,8,0;1;3;2
8785,82850,8,0;1;3;2
8786,65334,8,0;2;3;1
8787,83804,8,0;1;2;3
8788,84056,8,0;1;2;3
8789,84148,8,0;1;2;3
8790,89029,8,0;1;3;2
8791,23388,8,0;2;3;1
8792,23392,8,0;2;1;3
8793,92692,8,0;1;2;3
8794,20308,8,0;3;1;2
8795,97202,8,0;1;2;3
8796,63105,8,0;3;1;2
8797,97252,8,0;1;2;3
8798,81025,8,0;3;1;2
8799,97277,8,0;1;2;3
8800,97302,8,0;1;2;3
8801,97327,8,0;1;2;3
8802,97126,8,0;1;3;2
8803,97177,8,0;1;3;2
8804,97227,8,0;1;3;2
8805,99604,8,0;1;3;2
8806,81186,8,0;3;1;2
8807,102364,8,0;1;2;3
8808,52346,8,0;3;2;1
8809,44513,8,0;3;2;1
8810,103685,8,0;1;2;3
8811,82498,8,0;3;1;2
8812,20251,8,0;3;2;1
8813,52342,8,0;3;1;2
8814,65446,8,0;3;1;2
8815,82358,8,0;3;1;2
8816,52671,8,0;3;2;1
8817,73732,8,0;3;1;2
8818,24348,8,0;3;2;1
8819,104316,8,0;1;2;3
8820,83421,8,0;3;1;2
8821,65924,8,0;3;2;1
8822,65342,8,0;2;3;1
8823,97151,8,0;2;1;3
8824,90625,8,0;3;2;1
8825,80892,8,0;1;3;2
8826,33767,8,0;3;2;1
8827,33963,8,0;3;2;1
8828,81037,8,0;1;3;2
8829,43081,8,0;3;1;2
8830,97152,8,0;1;3;2
8831,36252,8,0;3;2;1
8832,36253,8,0;3;2;1
8833,59094,8,0;1;2;3
8834,58597,8,0;1;3;2
8835,58723,8,0;1;3;2
8836,58848,8,0;1;3;2
8837,62850,8,0;1;2;3
8838,64554,8,0;3;1;2
8839,23104,8,0;3;2;1
8840,50525,8,0;2;3;1
8841,73238,8,0;3;1;2
8842,51726,8,0;2;3;1
8843,101467,8,0;3;1;2
8844,89915,8,0;1;3;2
8845,43947,8,0;3;2;1
8846,71839,8,0;2;1;3
8847,64423,8,0;3;1;2
8848,99467,8,0;1;2;3
8849,43302,8,0;3;1;2
8850,101325,8,0;1;3;2
8851,44147,8,0;3;1;2
8852,99699,8,0;1;3;2
8853,20479,8,0;3;2;1
8854,80745,8,0;3;1;2
8855,88744,8,0;2;1;3
8856,20130,8,0;3;2;1
8857,101417,8,0;1;2;3
8858,20090,8,0;3;2;1
8859,20239,8,0;3;2;1
8860,35162,8,0;3;2;1
8861,382,8,0;1;2;3
8862,637,8,0;1;2;3
8863,763,8,0;1;2;3
8864,888,8,0;1;2;3
8865,1012,8,0;1;2;3
8866,1135,8,0;1;2;3
8867,1257,8,0;1;2;3
8868,1378,8,0;1;2;3
8869,9828,8,0;1;2;3
8870,9856,8,0;1;2;3
8871,9864,8,0;1;3;2
8872,9865,8,0;1;3;2
8873,10114,8,0;1;2;3
8874,8778,8,0;1;3;2
8875,9611,8,0;1;3;2
8876,41989,8,0;1;2;3
8877,43828,8,0;1;2;3
8878,58972,8,0;1;2;3
8879,63246,8,0;1;3;2
8880,80902,8,0;1;3;2
8881,42790,8,0;3;2;1
8882,43815,8,0;3;1;2
8883,51587,8,0;3;1;2
8884,22891,8,0;3;2;1
8885,50502,8,0;3;2;1
8886,8842,8,0;1;2;3
8887,9032,8,0;1;3;2
8888,20464,8,0;2;1;3
8889,34934,8,0;3;2;1
8890,35156,8,0;3;2;1
8891,10080,8,0;1;2;3
8892,8761,8,0;1;3;2
8893,23046,8,0;2;3;1
8894,50494,8,0;1;2;3
8895,22889,8,0;2;3;1
8896,510,8,0;1;2;3
8897,20126,8,0;1;2;3
8898,29798,8,0;1;2;3
8899,20448,8,0;2;3;1
8900,29426,8,0;1;3;2
8901,29552,8,0;1;3;2
8902,34106,8,0;3;2;1
8903,80787,8,0;1;3;2
8904,88793,8,0;1;2;3
8905,20893,8,0;3;1;2
8906,51845,8,0;3;1;2
8907,29676,8,0;1;2;3
8908,34909,8,0;3;2;1
8909,144,8,0;1;2;3
8910,9,8,0;1;2;3
8911,159,8,0;1;2;3
11330,102438,9,0;2;1;3
11331,63117,9,0;1;2;3
11332,64845,9,0;1;2;3
11333,72109,9,0;1;3;2
11334,102403,9,0;3;2;1
11335,113192,9,0;2;1;3
11336,79985,9,0;1;2;3
11337,80004,9,0;1;2;3
11338,80879,9,0;1;2;3
11339,82957,9,0;1;2;3
11340,52188,9,0;2;1;3
11341,65283,9,0;2;1;3
11342,103736,9,0;3;2;1
11343,89042,9,0;1;2;3
11344,91529,9,0;1;3;2
11345,63234,9,0;3;2;1
11346,92379,9,0;1;2;3
11347,92691,9,0;1;2;3
11348,92738,9,0;1;2;3
11349,91033,9,0;3;1;2
11350,97203,9,0;1;3;2
11351,99623,9,0;1;2;3
11352,101747,9,0;1;3;2
11353,73561,9,0;2;1;3
11354,88920,9,0;3;1;2
11355,99846,9,0;1;3;2
11356,99847,9,0;1;3;2
11357,99848,9,0;1;3;2
11358,101899,9,0;1;3;2
11359,102708,9,0;1;3;2
11360,82840,9,0;2;3;1
11361,102699,9,0;1;3;2
11362,73570,9,0;3;1;2
11363,104558,9,0;1;2;3
11364,110292,9,0;1;2;3
11365,63400,9,0;3;1;2
11366,111917,9,0;1;2;3
11367,110253,9,0;1;3;2
11368,110268,9,0;1;3;2
11369,99815,9,0;3;1;2
11370,74161,9,0;3;1;2
11371,112936,9,0;1;2;3
11372,50767,9,0;3;1;2
11373,50804,9,0;3;1;2
11374,45336,9,0;3;2;1
11375,72021,9,0;2;1;3
11376,113672,9,0;1;2;3
11377,101896,9,0;3;1;2
11378,44518,9,0;3;2;1
11379,45670,9,0;3;2;1
11380,73736,9,0;3;1;2
11381,45767,9,0;3;2;1
11382,114462,9,0;1;2;3
11383,103686,9,0;3;1;2
11384,44432,9,0;3;2;1
11385,65337,9,0;3;2;1
11386,104013,9,0;3;1;2
11387,65914,9,0;3;2;1
11388,34032,9,0;1;3;2
11389,110435,9,0;3;1;2
11390,83533,9,0;1;2;3
11391,89018,9,0;1;3;2
11392,81268,9,0;3;1;2
11393,112169,9,0;1;3;2
11394,35712,9,0;3;1;2
11395,63212,9,0;3;1;2
11396,33758,9,0;3;2;1
11397,52183,9,0;3;1;2
11398,36879,9,0;2;3;1
11399,36255,9,0;3;2;1
11400,43948,9,0;1;3;2
11401,58786,9,0;1;2;3
11402,58911,9,0;1;2;3
11403,59155,9,0;1;2;3
11404,101514,9,0;3;2;1
11405,71999,9,0;1;3;2
11406,73279,9,0;1;3;2
11407,63463,9,0;3;1;2
11408,82133,9,0;1;2;3
11409,20349,9,0;3;2;1
11410,90023,9,0;1;2;3
11411,90031,9,0;1;2;3
11412,90079,9,0;1;3;2
11413,99845,9,0;1;3;2
11414,101473,9,0;1;3;2
11415,23061,9,0;3;1;2
11416,20095,9,0;3;1;2
11417,50530,9,0;3;1;2
11418,110022,9,0;1;3;2
11419,72219,9,0;3;1;2
11420,111382,9,0;1;3;2
11421,111495,9,0;1;3;2
11422,42963,9,0;3;2;1
11423,51998,9,0;3;1;2
11424,22974,9,0;3;2;1
11425,82064,9,0;3;1;2
11426,51931,9,0;3;1;2
11427,64424,9,0;2;1;3
11428,101319,9,0;3;1;2
11429,73064,9,0;2;1;3
11430,50531,9,0;3;2;1
11431,58661,9,0;1;3;2
11432,383,9,0;1;2;3
11433,638,9,0;1;2;3
11434,764,9,0;1;2;3
11435,889,9,0;1;2;3
11436,1013,9,0;1;2;3
11437,1136,9,0;1;2;3
11438,1258,9,0;1;2;3
11439,1379,9,0;1;2;3
11440,1499,9,0;1;2;3
11441,9984,9,0;1;2;3
11442,9999,9,0;1;2;3
11443,10104,9,0;1;2;3
11444,10281,9,0;1;2;3
11445,8772,9,0;1;3;2
11446,8779,9,0;1;3;2
11447,9620,9,0;1;3;2
11448,43827,9,0;1;2;3
11449,111316,9,0;2;1;3
11450,50224,9,0;1;2;3
11451,59034,9,0;1;2;3
11452,63124,9,0;1;2;3
11453,81053,9,0;1;3;2
11454,110012,9,0;1;3;2
11455,44083,9,0;3;2;1
11456,51595,9,0;3;1;2
11457,8843,9,0;1;2;3
11458,9040,9,0;1;3;2
11459,8989,9,0;1;3;2
11460,9016,9,0;1;3;2
11461,50704,9,0;3;1;2
11462,34920,9,0;3;2;1
11463,10258,9,0;1;2;3
11464,9588,9,0;1;3;2
11465,41940,9,0;1;3;2
11466,42774,9,0;3;1;2
11467,42819,9,0;3;1;2
11468,42818,9,0;2;3;1
11469,511,9,0;1;2;3
11470,29615,9,0;1;2;3
11471,29859,9,0;1;2;3
11472,29490,9,0;1;3;2
11473,34143,9,0;3;2;1
11474,88794,9,0;1;3;2
11475,99513,9,0;1;2;3
11476,21054,9,0;3;1;2
11477,29363,9,0;1;3;2
11478,29738,9,0;1;2;3
11479,10,9,0;1;2;3
11480,163,9,0;1;2;3
12954,20480,10,0;1;3;2
12955,91216,10,0;2;1;3
12956,120681,10,0;2;1;3
12957,64844,10,0;1;2;3
12958,52278,10,0;3;2;1
12959,52676,10,0;2;3;1
12960,65718,10,0;2;3;1
12961,64978,10,0;3;1;2
12962,73797,10,0;3;1;2
12963,74258,10,0;3;1;2
12964,79937,10,0;1;3;2
12965,82558,10,0;3;1;2
12966,81274,10,0;1;3;2
12967,75056,10,0;2;1;3
12968,112977,10,0;3;2;1
12969,122528,10,0;2;1;3
12970,89108,10,0;1;3;2
12971,92064,10,0;1;2;3
12972,113705,10,0;3;2;1
12973,97328,10,0;1;2;3
12974,97352,10,0;1;2;3
12975,97377,10,0;1;2;3
12976,97127,10,0;1;3;2
12977,97253,10,0;1;3;2
12978,99876,10,0;1;3;2
12979,99806,10,0;1;3;2
12980,102748,10,0;1;2;3
12981,45130,10,0;2;3;1
12982,103672,10,0;1;3;2
12983,44627,10,0;3;2;1
12984,104356,10,0;1;2;3
12985,104557,10,0;1;2;3
12986,104805,10,0;1;2;3
12987,110161,10,0;1;2;3
12988,110304,10,0;1;2;3
12989,110440,10,0;1;3;2
12990,64972,10,0;3;2;1
12991,52186,10,0;2;3;1
12992,112997,10,0;1;3;2
12993,104015,10,0;3;1;2
12994,114704,10,0;1;2;3
12995,20454,10,0;3;1;2
12996,72166,10,0;3;1;2
12997,118813,10,0;1;2;3
12998,118822,10,0;1;2;3
12999,118792,10,0;1;3;2
13000,119356,10,0;1;2;3
13001,119348,10,0;1;3;2
13002,110267,10,0;3;1;2
13003,120685,10,0;1;3;2
13004,120756,10,0;1;3;2
13005,51035,10,0;3;1;2
13006,121372,10,0;1;2;3
13007,73563,10,0;2;1;3
13008,120830,10,0;1;3;2
13009,121287,10,0;1;3;2
13010,44596,10,0;3;2;1
13011,43160,10,0;3;2;1
13012,52937,10,0;3;2;1
13013,121682,10,0;1;3;2
13014,122238,10,0;1;2;3
13015,119671,10,0;1;3;2
13016,42951,10,0;3;2;1
13017,45175,10,0;3;1;2
13018,52820,10,0;3;2;1
13019,72095,10,0;3;1;2
13020,44423,10,0;3;2;1
13021,122966,10,0;1;2;3
13022,101816,10,0;3;1;2
13023,20506,10,0;3;2;1
13024,65974,10,0;3;2;1
13025,65727,10,0;3;2;1
13026,65714,10,0;3;2;1
13027,83041,10,0;3;1;2
13028,42983,10,0;2;3;1
13029,65985,10,0;3;2;1
13030,123532,10,0;1;2;3
13031,73650,10,0;3;2;1
13032,74658,10,0;2;3;1
13033,111953,10,0;3;2;1
13034,82496,10,0;1;3;2
13035,74253,10,0;3;1;2
13036,91154,10,0;1;3;2
13037,99624,10,0;1;3;2
13038,33872,10,0;3;2;1
13039,34026,10,0;3;2;1
13040,99849,10,0;1;3;2
13041,35641,10,0;2;3;1
13042,110302,10,0;1;2;3
13043,110303,10,0;1;2;3
13044,34180,10,0;3;2;1
13045,36842,10,0;3;2;1
13046,74090,10,0;3;1;2
13047,36883,10,0;3;2;1
13048,114220,10,0;3;1;2
13049,58973,10,0;1;2;3
13050,59215,10,0;1;2;3
13051,58598,10,0;1;3;2
13052,58724,10,0;1;3;2
13053,58849,10,0;1;3;2
13054,73070,10,0;1;3;2
13055,73280,10,0;3;1;2
13056,73241,10,0;3;1;2
13057,88725,10,0;1;3;2
13058,101422,10,0;1;3;2
13059,50551,10,0;2;3;1
13060,110169,10,0;2;3;1
13061,110301,10,0;1;2;3
13062,73339,10,0;3;1;2
13063,44047,10,0;3;2;1
13064,20881,10,0;3;1;2
13065,120464,10,0;1;2;3
13066,120290,10,0;1;3;2
13067,110027,10,0;2;1;3
13068,82065,10,0;3;1;2
13069,20129,10,0;2;3;1
13070,22975,10,0;3;2;1
13071,62855,10,0;2;3;1
13072,99461,10,0;3;2;1
13073,80890,10,0;3;1;2
13074,51741,10,0;1;2;3
13075,90126,10,0;1;3;2
13076,35305,10,0;3;1;2
13077,35094,10,0;3;2;1
13078,33573,10,0;3;2;1
13079,63100,10,0;3;1;2
13080,119467,10,0;1;3;2
13081,20465,10,0;3;2;1
13082,35168,10,0;3;2;1
13083,384,10,0;1;2;3
13084,639,10,0;1;2;3
13085,765,10,0;1;2;3
13086,890,10,0;1;2;3
13087,1014,10,0;1;2;3
13088,1137,10,0;1;2;3
13089,1259,10,0;1;2;3
13090,1380,10,0;1;2;3
13091,1500,10,0;1;2;3
13092,1619,10,0;1;2;3
13093,10088,10,0;1;2;3
13094,10130,10,0;1;2;3
13095,10272,10,0;1;2;3
13096,10277,10,0;1;2;3
13097,10006,10,0;1;3;2
13098,10007,10,0;1;3;2
13099,10414,10,0;1;2;3
13100,9598,10,0;1;3;2
13101,9621,10,0;1;3;2
13102,9991,10,0;1;3;2
13103,42014,10,0;1;2;3
13104,20221,10,0;2;3;1
13105,43826,10,0;1;2;3
13106,59095,10,0;1;2;3
13107,72026,10,0;1;2;3
13108,72234,10,0;1;3;2
13109,88905,10,0;1;3;2
13110,99631,10,0;1;3;2
13111,73368,10,0;3;1;2
13112,64290,10,0;3;1;2
13113,8844,10,0;1;2;3
13114,9051,10,0;1;3;2
13115,33780,10,0;1;3;2
13116,33878,10,0;3;1;2
13117,20649,10,0;3;2;1
13118,35217,10,0;3;2;1
13119,34919,10,0;3;2;1
13120,10379,10,0;1;2;3
13121,20143,10,0;1;3;2
13122,20080,10,0;2;3;1
13123,512,10,0;1;2;3
13124,29677,10,0;1;2;3
13125,29919,10,0;1;2;3
13126,20636,10,0;2;3;1
13127,29427,10,0;1;3;2
13128,29553,10,0;1;3;2
13129,34179,10,0;3;2;1
13130,99514,10,0;1;3;2
13131,110081,10,0;1;2;3
13132,21099,10,0;3;1;2
13133,99875,10,0;1;3;2
13134,64559,10,0;3;1;2
13135,29799,10,0;1;2;3
13136,20117,10,0;3;2;1
13137,131,10,0;1;2;3
13138,11,10,0;1;2;3
13139,166,10,0;1;2;3
14945,20310,11,0;2;1;3
14946,23719,11,0;1;2;3
14947,83142,11,0;2;1;3
14948,43164,11,0;1;3;2
14949,43352,11,0;1;3;2
14950,133838,11,0;2;1;3
14951,65349,11,0;3;1;2
14952,42975,11,0;3;2;1
14953,74257,11,0;3;1;2
14954,121407,11,0;3;2;1
14955,90560,11,0;1;2;3
14956,90634,11,0;1;3;2
14957,90635,11,0;1;3;2
14958,92294,11,0;1;2;3
14959,122257,11,0;3;2;1
14960,135700,11,0;2;1;3
14961,97303,11,0;1;2;3
14962,97178,11,0;1;3;2
14963,102747,11,0;1;2;3
14964,104051,11,0;1;2;3
14965,92332,11,0;3;1;2
14966,99708,11,0;2;3;1
14967,122995,11,0;3;2;1
14968,92739,11,0;2;3;1
14969,110322,11,0;1;2;3
14970,112163,11,0;1;3;2
14971,102408,11,0;3;1;2
14972,99851,11,0;3;1;2
14973,112338,11,0;1;3;2
14974,112376,11,0;1;3;2
14975,83453,11,0;2;3;1
14976,114507,11,0;1;2;3
14977,114703,11,0;1;2;3
14978,114742,11,0;1;2;3
14979,120918,11,0;1;2;3
14980,119613,11,0;1;3;2
14981,113598,11,0;2;1;3
14982,121421,11,0;1;3;2
14983,53686,11,0;3;2;1
14984,43083,11,0;3;1;2
14985,50785,11,0;3;1;2
14986,63107,11,0;3;1;2
14987,72097,11,0;3;1;2
14988,127592,11,0;1;2;3
14989,81027,11,0;3;1;2
14990,127653,11,0;1;2;3
14991,89031,11,0;3;1;2
14992,127714,11,0;1;2;3
14993,110294,11,0;3;1;2
14994,119477,11,0;3;1;2
14995,127951,11,0;1;2;3
14996,127278,11,0;1;3;2
14997,127279,11,0;1;3;2
14998,127405,11,0;1;3;2
14999,127468,11,0;1;3;2
15000,127280,11,0;1;3;2
15001,127406,11,0;1;3;2
15002,127530,11,0;1;3;2
15003,127469,11,0;1;3;2
15004,127281,11,0;1;3;2
15005,127407,11,0;1;3;2
15006,127531,11,0;1;3;2
15007,127470,11,0;1;3;2
15008,127593,11,0;1;3;2
15009,131748,11,0;1;2;3
15010,123741,11,0;1;2;3
15011,133427,11,0;1;2;3
15012,133488,11,0;1;2;3
15013,133528,11,0;1;2;3
15014,133896,11,0;1;2;3
15015,90619,11,0;3;1;2
15016,44713,11,0;3;2;1
15017,110653,11,0;3;1;2
15018,134461,11,0;1;2;3
15019,43091,11,0;3;2;1
15020,66034,11,0;3;2;1
15021,52253,11,0;3;1;2
15022,42962,11,0;3;1;2
15023,74239,11,0;3;1;2
15024,74303,11,0;3;1;2
15025,42984,11,0;3;1;2
15026,131980,11,0;1;3;2
15027,134419,11,0;1;3;2
15028,135415,11,0;1;2;3
15029,134455,11,0;1;3;2
15030,89014,11,0;3;1;2
15031,20350,11,0;3;2;1
15032,45131,11,0;3;2;1
15033,101946,11,0;3;1;2
15034,136053,11,0;1;2;3
15035,81044,11,0;3;1;2
15036,74233,11,0;3;1;2
15037,64906,11,0;2;3;1
15038,92082,11,0;3;1;2
15039,52823,11,0;3;2;1
15040,82841,11,0;3;2;1
15041,83422,11,0;3;2;1
15042,91526,11,0;3;1;2
15043,25035,11,0;3;2;1
15044,83496,11,0;3;2;1
15045,82961,11,0;2;1;3
15046,136697,11,0;1;2;3
15047,23398,11,0;2;3;1
15048,75159,11,0;3;2;1
15049,127343,11,0;2;1;3
15050,64843,11,0;1;2;3
15051,73796,11,0;3;1;2
15052,99883,11,0;1;3;2
15053,99884,11,0;1;3;2
15054,99790,11,0;1;3;2
15055,102709,11,0;1;3;2
15056,33879,11,0;3;2;1
15057,110305,11,0;1;3;2
15058,120838,11,0;1;2;3
15059,127342,11,0;1;3;2
15060,127344,11,0;1;3;2
15061,127345,11,0;1;3;2
15062,131892,11,0;1;2;3
15063,34009,11,0;3;2;1
15064,72220,11,0;3;1;2
15065,37302,11,0;2;3;1
15066,36311,11,0;3;2;1
15067,35718,11,0;3;2;1
15068,20505,11,0;1;3;2
15069,50550,11,0;1;3;2
15070,59035,11,0;1;2;3
15071,59275,11,0;1;2;3
15072,58787,11,0;1;3;2
15073,58912,11,0;1;3;2
15074,72174,11,0;3;2;1
15075,120492,11,0;3;2;1
15076,64413,11,0;2;3;1
15077,73281,11,0;3;1;2
15078,90024,11,0;1;2;3
15079,63534,11,0;3;1;2
15080,23065,11,0;3;2;1
15081,64411,11,0;2;3;1
15082,111547,11,0;1;3;2
15083,120422,11,0;1;2;3
15084,119612,11,0;1;3;2
15085,127467,11,0;1;2;3
15086,127529,11,0;1;2;3
15087,127591,11,0;1;2;3
15088,127652,11,0;1;2;3
15089,127713,11,0;1;2;3
15090,127773,11,0;1;2;3
15091,127833,11,0;1;2;3
15092,127404,11,0;1;3;2
15093,131503,11,0;1;3;2
15094,81257,11,0;3;1;2
15095,132763,11,0;1;2;3
15096,132771,11,0;1;3;2
15097,132758,11,0;1;3;2
15098,132761,11,0;1;3;2
15099,73369,11,0;3;1;2
15100,42935,11,0;3;1;2
15101,132942,11,0;1;3;2
15102,44167,11,0;3;1;2
15103,90121,11,0;3;1;2
15104,132986,11,0;1;3;2
15105,64614,11,0;3;1;2
15106,89912,11,0;2;1;3
15107,101509,11,0;3;1;2
15108,51742,11,0;2;3;1
15109,64417,11,0;3;2;1
15110,89906,11,0;3;2;1
15111,58662,11,0;1;3;2
15112,81017,11,0;1;3;2
15113,127341,11,0;1;3;2
15114,20323,11,0;3;2;1
15115,73315,11,0;3;1;2
15116,33597,11,0;2;3;1
15117,33859,11,0;3;1;2
15118,385,11,0;1;2;3
15119,640,11,0;1;2;3
15120,766,11,0;1;2;3
15121,891,11,0;1;2;3
15122,1015,11,0;1;2;3
15123,1138,11,0;1;2;3
15124,1260,11,0;1;2;3
15125,1381,11,0;1;2;3
15126,1501,11,0;1;2;3
15127,1620,11,0;1;2;3
15128,1738,11,0;1;2;3
15129,10105,11,0;1;2;3
15130,10266,11,0;1;2;3
15131,10397,11,0;1;2;3
15132,10406,11,0;1;2;3
15133,10014,11,0;1;3;2
15134,10570,11,0;1;3;2
15135,9742,11,0;1;3;2
15136,9729,11,0;1;3;2
15137,9738,11,0;1;3;2
15138,10122,11,0;1;3;2
15139,10288,11,0;1;3;2
15140,23092,11,0;2;3;1
15141,59156,11,0;1;3;2
15142,64275,11,0;1;2;3
15143,72178,11,0;1;2;3
15144,43830,11,0;2;3;1
15145,120245,11,0;2;1;3
15146,127277,11,0;1;3;2
15147,89742,11,0;3;1;2
15148,72899,11,0;3;1;2
15149,20257,11,0;2;3;1
15150,8845,11,0;1;2;3
15151,9065,11,0;1;3;2
15152,9052,11,0;1;3;2
15153,8976,11,0;1;3;2
15154,9041,11,0;1;3;2
15155,8996,11,0;1;3;2
15156,9025,11,0;1;3;2
15157,43825,11,0;1;2;3
15158,42929,11,0;3;1;2
15159,33547,11,0;3;2;1
15160,9707,11,0;1;2;3
15161,10550,11,0;1;2;3
15162,41965,11,0;1;3;2
15163,43095,11,0;2;3;1
15164,50567,11,0;3;1;2
15165,20142,11,0;2;3;1
15166,50566,11,0;2;3;1
15167,513,11,0;1;2;3
15168,8965,11,0;1;3;2
15169,29739,11,0;1;2;3
15170,29491,11,0;1;3;2
15171,29616,11,0;1;3;2
15172,29979,11,0;1;3;2
15173,34204,11,0;3;2;1
15174,110082,11,0;1;3;2
15175,119269,11,0;1;2;3
15176,21138,11,0;3;1;2
15177,29364,11,0;1;3;2
15178,72173,11,0;1;3;2
15179,43973,11,0;2;3;1
15180,29860,11,0;1;2;3
15181,12,11,0;1;2;3
15182,169,11,0;1;2;3
17487,23456,12,0;1;2;3
17488,23718,12,0;1;2;3
17489,74419,12,0;2;1;3
17490,20728,12,0;1;3;2
17491,140672,12,0;2;1;3
17492,62993,12,0;1;2;3
17493,64842,12,0;1;2;3
17494,144661,12,0;2;1;3
17495,80014,12,0;1;2;3
17496,80033,12,0;1;2;3
17497,79966,12,0;1;3;2
17498,81042,12,0;1;2;3
17499,89240,12,0;3;1;2
17500,82617,12,0;3;1;2
17501,83168,12,0;1;2;3
17502,63254,12,0;3;1;2
17503,75057,12,0;2;3;1
17504,82587,12,0;3;1;2
17505,83061,12,0;3;1;2
17506,83505,12,0;3;1;2
17507,88926,12,0;1;2;3
17508,90480,12,0;1;3;2
17509,83060,12,0;3;1;2
17510,73661,12,0;3;1;2
17511,84058,12,0;2;1;3
17512,134489,12,0;3;2;1
17513,97353,12,0;1;2;3
17514,97378,12,0;1;2;3
17515,97402,12,0;1;2;3
17516,97427,12,0;1;2;3
17517,97228,12,0;1;3;2
17518,101891,12,0;1;2;3
17519,102306,12,0;1;2;3
17520,99888,12,0;1;3;2
17521,99889,12,0;1;3;2
17522,102746,12,0;1;2;3
17523,102953,12,0;1;3;2
17524,103790,12,0;1;2;3
17525,73649,12,0;2;1;3
17526,103942,12,0;1;3;2
17527,135448,12,0;3;2;1
17528,146239,12,0;2;1;3
17529,111873,12,0;1;2;3
17530,111881,12,0;1;2;3
17531,111882,12,0;1;2;3
17532,110241,12,0;1;3;2
17533,112398,12,0;1;2;3
17534,110445,12,0;1;3;2
17535,112291,12,0;1;3;2
17536,110500,12,0;1;3;2
17537,64893,12,0;2;3;1
17538,74159,12,0;2;1;3
17539,113604,12,0;1;3;2
17540,75167,12,0;2;3;1
17541,114244,12,0;1;2;3
17542,72227,12,0;3;2;1
17543,50829,12,0;3;2;1
17544,104559,12,0;2;1;3
17545,136084,12,0;3;2;1
17546,92329,12,0;2;3;1
17547,119540,12,0;1;2;3
17548,120844,12,0;1;2;3
17549,120921,12,0;1;2;3
17550,121294,12,0;1;2;3
17551,120941,12,0;1;3;2
17552,122535,12,0;1;3;2
17553,121738,12,0;3;1;2
17554,63255,12,0;3;1;2
17555,23530,12,0;3;2;1
17556,74167,12,0;3;1;2
17557,75668,12,0;2;3;1
17558,103979,12,0;2;3;1
17559,23916,12,0;3;2;1
17560,127774,12,0;1;2;3
17561,128010,12,0;1;2;3
17562,127282,12,0;1;3;2
17563,127408,12,0;1;3;2
17564,127654,12,0;1;3;2
17565,123558,12,0;1;2;3
17566,131763,12,0;1;2;3
17567,123740,12,0;1;2;3
17568,123784,12,0;1;2;3
17569,131651,12,0;1;3;2
17570,131839,12,0;1;3;2
17571,133438,12,0;1;3;2
17572,131895,12,0;1;3;2
17573,133494,12,0;1;3;2
17574,110658,12,0;3;1;2
17575,20896,12,0;3;2;1
17576,44540,12,0;3;1;2
17577,134463,12,0;1;3;2
17578,92089,12,0;3;1;2
17579,66684,12,0;2;3;1
17580,20641,12,0;3;1;2
17581,140710,12,0;1;2;3
17582,81182,12,0;3;1;2
17583,140735,12,0;1;2;3
17584,140747,12,0;1;2;3
17585,110490,12,0;3;1;2
17586,140772,12,0;1;2;3
17587,140784,12,0;1;2;3
17588,140797,12,0;1;2;3
17589,140697,12,0;1;3;2
17590,140647,12,0;1;3;2
17591,140685,12,0;1;3;2
17592,140723,12,0;1;3;2
17593,91587,12,0;3;1;2
17594,72028,12,0;2;3;1
17595,142011,12,0;1;3;2
17596,137000,12,0;1;2;3
17597,143805,12,0;1;3;2
17598,143834,12,0;1;2;3
17599,63626,12,0;3;1;2
17600,74100,12,0;3;2;1
17601,142107,12,0;1;3;2
17602,143833,12,0;1;3;2
17603,144247,12,0;1;2;3
17604,63529,12,0;3;1;2
17605,144361,12,0;1;2;3
17606,142281,12,0;1;3;2
17607,142253,12,0;1;3;2
17608,142249,12,0;1;3;2
17609,143868,12,0;1;3;2
17610,80997,12,0;3;1;2
17611,44677,12,0;3;2;1
17612,144662,12,0;1;3;2
17613,72002,12,0;3;1;2
17614,100232,12,0;3;1;2
17615,65021,12,0;3;2;1
17616,145283,12,0;1;2;3
17617,143926,12,0;1;3;2
17618,74154,12,0;3;1;2
17619,63214,12,0;3;2;1
17620,45671,12,0;2;3;1
17621,52901,12,0;3;2;1
17622,83143,12,0;3;1;2
17623,65284,12,0;3;1;2
17624,101813,12,0;3;1;2
17625,146042,12,0;1;2;3
17626,23547,12,0;3;2;1
17627,45181,12,0;3;2;1
17628,44519,12,0;3;2;1
17629,74093,12,0;3;1;2
17630,82851,12,0;3;1;2
17631,127532,12,0;3;2;1
17632,65912,12,0;3;2;1
17633,53991,12,0;3;1;2
17634,102712,12,0;3;1;2
17635,91151,12,0;3;1;2
17636,146723,12,0;1;2;3
17637,43165,12,0;3;2;1
17638,53590,12,0;3;2;1
17639,46403,12,0;3;2;1
17640,75053,12,0;3;2;1
17641,46492,12,0;3;2;1
17642,103008,12,0;3;2;1
17643,54258,12,0;3;2;1
17644,147217,12,0;1;2;3
17645,63025,12,0;3;2;1
17646,45706,12,0;3;2;1
17647,65747,12,0;3;2;1
17648,84157,12,0;3;2;1
17649,76189,12,0;3;2;1
17650,83777,12,0;2;3;1
17651,34107,12,0;1;3;2
17652,133565,12,0;3;2;1
17653,113194,12,0;1;3;2
17654,118783,12,0;1;3;2
17655,119382,12,0;1;3;2
17656,33964,12,0;3;2;1
17657,119614,12,0;1;3;2
17658,119745,12,0;3;1;2
17659,50996,12,0;3;1;2
17660,140659,12,0;1;3;2
17661,80996,12,0;3;1;2
17662,63192,12,0;3;1;2
17663,43153,12,0;3;1;2
17664,37234,12,0;3;2;1
17665,121331,12,0;3;1;2
17666,33864,12,0;3;2;1
17667,35632,12,0;3;2;1
17668,36256,12,0;3;2;1
17669,74301,12,0;3;1;2
17670,59096,12,0;1;2;3
17671,59334,12,0;1;2;3
17672,58599,12,0;1;3;2
17673,58725,12,0;1;3;2
17674,58850,12,0;1;3;2
17675,58974,12,0;1;3;2
17676,64511,12,0;1;2;3
17677,82196,12,0;3;1;2
17678,73340,12,0;3;1;2
17679,101588,12,0;3;1;2
17680,101539,12,0;3;1;2
17681,101516,12,0;1;3;2
17682,71840,12,0;2;1;3
17683,73071,12,0;3;1;2
17684,80760,12,0;2;1;3
17685,120426,12,0;1;2;3
17686,99470,12,0;3;1;2
17687,20895,12,0;3;2;1
17688,23143,12,0;3;2;1
17689,64512,12,0;3;1;2
17690,51902,12,0;3;2;1
17691,127892,12,0;1;2;3
17692,131519,12,0;1;3;2
17693,44086,12,0;3;2;1
17694,82156,12,0;3;1;2
17695,142098,12,0;1;2;3
17696,142265,12,0;1;2;3
17697,143593,12,0;1;2;3
17698,143644,12,0;1;2;3
17699,143645,12,0;3;1;2
17700,131510,12,0;2;1;3
17701,64502,12,0;3;1;2
17702,42785,12,0;3;2;1
17703,71809,12,0;3;2;1
17704,44169,12,0;3;2;1
17705,73178,12,0;3;1;2
17706,42809,12,0;3;2;1
17707,42822,12,0;3;2;1
17708,71825,12,0;3;2;1
17709,119215,12,0;3;2;1
17710,120494,12,0;1;3;2
17711,132878,12,0;1;2;3
17712,142075,12,0;1;3;2
17713,386,12,0;1;2;3
17714,641,12,0;1;2;3
17715,767,12,0;1;2;3
17716,892,12,0;1;2;3
17717,1016,12,0;1;2;3
17718,1139,12,0;1;2;3
17719,1261,12,0;1;2;3
17720,1382,12,0;1;2;3
17721,1502,12,0;1;2;3
17722,1621,12,0;1;2;3
17723,1739,12,0;1;2;3
17724,1856,12,0;1;2;3
17725,10386,12,0;1;2;3
17726,10421,12,0;1;2;3
17727,10137,12,0;1;3;2
17728,10138,12,0;1;3;2
17729,10717,12,0;1;2;3
17730,143485,12,0;2;1;3
17731,42038,12,0;1;2;3
17732,51719,12,0;1;2;3
17733,50236,12,0;2;1;3
17734,59216,12,0;1;2;3
17735,81289,12,0;1;3;2
17736,99907,12,0;1;3;2
17737,110334,12,0;1;3;2
17738,119395,12,0;1;3;2
17739,22898,12,0;2;3;1
17740,43819,12,0;2;3;1
17741,51590,12,0;2;3;1
17742,22893,12,0;3;2;1
17743,22892,12,0;3;2;1
17744,71844,12,0;2;3;1
17745,81954,12,0;3;1;2
17746,8846,12,0;1;2;3
17747,9072,12,0;1;3;2
17748,33740,12,0;2;3;1
17749,42767,12,0;1;2;3
17750,34111,12,0;3;1;2
17751,72038,12,0;3;1;2
17752,20707,12,0;3;2;1
17753,35259,12,0;3;2;1
17754,10668,12,0;1;2;3
17755,43824,12,0;1;2;3
17756,100100,12,0;1;3;2
17757,64279,12,0;2;1;3
17758,514,12,0;1;2;3
17759,29800,12,0;1;2;3
17760,30038,12,0;1;2;3
17761,20696,12,0;2;3;1
17762,29428,12,0;1;3;2
17763,29554,12,0;1;3;2
17764,29678,12,0;1;3;2
17765,33771,12,0;1;2;3
17766,35049,12,0;2;3;1
17767,34239,12,0;3;2;1
17768,119270,12,0;1;3;2
17769,131575,12,0;1;2;3
17770,21222,12,0;3;1;2
17771,73284,12,0;3;1;2
17772,29920,12,0;1;2;3
17773,33593,12,0;2;3;1
17774,173,12,0;1;2;3
17775,13,12,0;1;2;3
17776,174,12,0;1;2;3
17777,172,12,0;1;2;3
20837,23717,13,0;1;2;3
20838,152678,13,0;3;2;1
20839,74264,13,0;1;3;2
20840,79918,13,0;1;3;2
20841,73801,13,0;3;1;2
20842,154063,13,0;2;1;3
20843,89052,13,0;1;2;3
20844,20357,13,0;3;2;1
20845,144377,13,0;3;2;1
20846,92740,13,0;1;2;3
20847,50828,13,0;3;2;1
20848,97278,13,0;1;3;2
20849,102252,13,0;1;3;2
20850,100237,13,0;3;1;2
20851,52254,13,0;2;3;1
20852,102745,13,0;1;2;3
20853,20727,13,0;3;2;1
20854,102404,13,0;1;3;2
20855,91227,13,0;3;1;2
20856,91645,13,0;3;1;2
20857,145297,13,0;3;2;1
20858,43355,13,0;3;2;1
20859,110306,13,0;1;3;2
20860,110323,13,0;1;3;2
20861,101744,13,0;2;1;3
20862,110507,13,0;1;3;2
20863,110578,13,0;1;3;2
20864,73579,13,0;2;1;3
20865,146061,13,0;3;2;1
20866,155523,13,0;2;1;3
20867,119674,13,0;1;3;2
20868,121377,13,0;1;3;2
20869,121371,13,0;1;3;2
20870,119722,13,0;1;3;2
20871,122620,13,0;1;3;2
20872,123302,13,0;1;2;3
20873,127715,13,0;1;2;3
20874,127834,13,0;1;2;3
20875,128069,13,0;1;2;3
20876,127471,13,0;1;3;2
20877,127594,13,0;1;3;2
20878,146743,13,0;3;2;1
20879,133996,13,0;1;2;3
20880,133893,13,0;1;3;2
20881,131905,13,0;1;3;2
20882,131906,13,0;1;3;2
20883,20525,13,0;3;1;2
20884,66117,13,0;3;1;2
20885,140760,13,0;1;3;2
20886,134951,13,0;1;3;2
20887,102955,13,0;2;1;3
20888,136756,13,0;1;2;3
20889,136999,13,0;1;2;3
20890,137026,13,0;1;2;3
20891,142272,13,0;1;3;2
20892,142453,13,0;1;3;2
20893,51048,13,0;3;1;2
20894,44729,13,0;3;1;2
20895,23987,13,0;3;2;1
20896,151341,13,0;1;2;3
20897,151330,13,0;1;3;2
20898,72341,13,0;3;1;2
20899,152886,13,0;1;2;3
20900,44757,13,0;3;2;1
20901,152670,13,0;1;3;2
20902,147378,13,0;1;2;3
20903,153196,13,0;1;3;2
20904,81388,13,0;3;1;2
20905,153816,13,0;1;2;3
20906,153253,13,0;1;3;2
20907,153251,13,0;1;3;2
20908,153690,13,0;1;3;2
20909,112385,13,0;3;1;2
20910,92100,13,0;3;1;2
20911,44620,13,0;3;2;1
20912,154529,13,0;1;2;3
20913,51042,13,0;3;1;2
20914,152882,13,0;1;3;2
20915,23584,13,0;3;2;1
20916,63187,13,0;3;1;2
20917,73564,13,0;3;1;2
20918,63235,13,0;3;1;2
20919,151681,13,0;1;3;2
20920,20659,13,0;3;2;1
20921,66748,13,0;3;1;2
20922,154157,13,0;1;3;2
20923,154497,13,0;1;3;2
20924,44417,13,0;3;2;1
20925,154816,13,0;1;3;2
20926,82997,13,0;3;1;2
20927,135723,13,0;3;1;2
20928,81187,13,0;3;1;2
20929,155274,13,0;1;2;3
20930,23338,13,0;3;2;1
20931,43102,13,0;2;3;1
20932,44529,13,0;3;2;1
20933,73571,13,0;3;1;2
20934,121736,13,0;3;1;2
20935,64961,13,0;3;2;1
20936,82360,13,0;3;2;1
20937,46532,13,0;3;2;1
20938,121645,13,0;3;1;2
20939,83053,13,0;3;1;2
20940,155887,13,0;1;2;3
20941,52686,13,0;3;2;1
20942,102710,13,0;3;1;2
20943,103944,13,0;3;1;2
20944,67126,13,0;3;2;1
20945,65915,13,0;3;2;1
20946,113601,13,0;3;1;2
20947,135377,13,0;3;1;2
20948,122967,13,0;3;1;2
20949,80871,13,0;3;2;1
20950,63033,13,0;2;3;1
20951,74162,13,0;3;2;1
20952,67183,13,0;3;2;1
20953,114218,13,0;3;1;2
20954,156360,13,0;1;2;3
20955,91155,13,0;3;2;1
20956,83775,13,0;3;2;1
20957,92010,13,0;3;2;1
20958,84149,13,0;3;2;1
20959,152636,13,0;2;1;3
20960,35815,13,0;2;3;1
20961,72121,13,0;1;3;2
20962,91727,13,0;1;2;3
20963,97153,13,0;1;3;2
20964,113815,13,0;1;2;3
20965,127346,13,0;1;3;2
20966,142287,13,0;1;2;3
20967,145435,13,0;1;3;2
20968,151602,13,0;1;2;3
20969,74420,13,0;3;1;2
20970,35633,13,0;2;3;1
20971,35886,13,0;3;2;1
20972,20897,13,0;3;1;2
20973,64835,13,0;3;1;2
20974,81258,13,0;3;1;2
20975,110475,13,0;3;1;2
20976,35818,13,0;3;2;1
20977,37767,13,0;2;3;1
20978,33873,13,0;3;2;1
20979,35724,13,0;3;2;1
20980,146756,13,0;3;1;2
20981,73038,13,0;2;1;3
20982,59036,13,0;1;2;3
20983,59157,13,0;1;2;3
20984,59393,13,0;1;2;3
20985,58788,13,0;1;3;2
20986,58913,13,0;1;3;2
20987,143661,13,0;3;2;1
20988,101478,13,0;1;3;2
20989,100236,13,0;3;1;2
20990,42808,13,0;3;2;1
20991,152086,13,0;3;2;1
20992,63629,13,0;3;1;2
20993,20665,13,0;3;2;1
20994,127952,13,0;1;2;3
20995,23066,13,0;3;2;1
20996,142286,13,0;1;3;2
20997,142452,13,0;1;3;2
20998,151191,13,0;1;3;2
20999,89232,13,0;3;1;2
21000,133045,13,0;3;1;2
21001,152294,13,0;3;1;2
21002,44036,13,0;3;2;1
21003,152325,13,0;1;3;2
21004,152323,13,0;1;3;2
21005,99453,13,0;3;1;2
21006,71996,13,0;3;1;2
21007,73336,13,0;3;1;2
21008,71845,13,0;2;3;1
21009,43939,13,0;3;2;1
21010,73179,13,0;2;3;1
21011,82069,13,0;3;2;1
21012,58663,13,0;1;3;2
21013,20650,13,0;3;2;1
21014,35291,13,0;3;2;1
21015,35184,13,0;3;1;2
21016,387,13,0;1;2;3
21017,642,13,0;1;2;3
21018,768,13,0;1;2;3
21019,893,13,0;1;2;3
21020,1017,13,0;1;2;3
21021,1140,13,0;1;2;3
21022,1262,13,0;1;2;3
21023,1383,13,0;1;2;3
21024,1503,13,0;1;2;3
21025,1622,13,0;1;2;3
21026,1740,13,0;1;2;3
21027,1857,13,0;1;2;3
21028,1973,13,0;1;2;3
21029,9509,13,0;1;2;3
21030,10557,13,0;1;2;3
21031,10580,13,0;1;2;3
21032,10685,13,0;1;2;3
21033,10585,13,0;1;3;2
21034,10586,13,0;1;3;2
21035,10710,13,0;1;2;3
21036,10879,13,0;1;2;3
21037,9526,13,0;1;3;2
21038,9875,13,0;1;3;2
21039,9829,13,0;1;3;2
21040,9723,13,0;1;3;2
21041,9743,13,0;1;3;2
21042,9872,13,0;1;3;2
21043,10115,13,0;1;3;2
21044,10123,13,0;1;3;2
21045,152036,13,0;2;1;3
21046,59276,13,0;1;2;3
21047,81194,13,0;1;2;3
21048,89905,13,0;3;1;2
21049,51968,13,0;3;2;1
21050,43817,13,0;3;1;2
21051,51596,13,0;3;1;2
21052,89766,13,0;3;1;2
21053,8847,13,0;1;2;3
21054,9078,13,0;1;3;2
21055,9007,13,0;1;3;2
21056,9033,13,0;1;3;2
21057,89051,13,0;1;2;3
21058,34921,13,0;3;2;1
21059,10868,13,0;1;2;3
21060,9820,13,0;1;3;2
21061,41990,13,0;1;3;2
21062,119539,13,0;1;2;3
21063,43163,13,0;2;3;1
21064,62888,13,0;3;1;2
21065,62887,13,0;2;3;1
21066,515,13,0;1;2;3
21067,29740,13,0;1;2;3
21068,29861,13,0;1;2;3
21069,30097,13,0;1;2;3
21070,29492,13,0;1;3;2
21071,29617,13,0;1;3;2
21072,33520,13,0;2;3;1
21073,34276,13,0;3;2;1
21074,131576,13,0;1;3;2
21075,141966,13,0;1;2;3
21076,21377,13,0;3;1;2
21077,33617,13,0;3;2;1
21078,29365,13,0;1;3;2
21079,29980,13,0;1;2;3
21080,33533,13,0;3;2;1
21081,14,13,0;1;2;3
21082,182,13,0;1;2;3
22397,20507,14,0;1;2;3
22398,20700,14,0;1;2;3
22399,20230,14,0;1;3;2
22400,23716,14,0;1;2;3
22401,162837,14,0;2;1;3
22402,162302,14,0;2;1;3
22403,79995,14,0;1;3;2
22404,90566,14,0;1;3;2
22405,84059,14,0;2;3;1
22406,82591,14,0;3;1;2
22407,83063,14,0;3;1;2
22408,90705,14,0;3;1;2
22409,91196,14,0;3;1;2
22410,91649,14,0;3;1;2
22411,92026,14,0;3;1;2
22412,163891,14,0;2;1;3
22413,97403,14,0;1;2;3
22414,97428,14,0;1;2;3
22415,97452,14,0;1;2;3
22416,97476,14,0;1;2;3
22417,97204,14,0;1;3;2
22418,97329,14,0;1;3;2
22419,102049,14,0;3;1;2
22420,103821,14,0;1;2;3
22421,92693,14,0;2;1;3
22422,153843,14,0;3;2;1
22423,110269,14,0;1;3;2
22424,112412,14,0;1;2;3
22425,112383,14,0;1;3;2
22426,44532,14,0;2;3;1
22427,102050,14,0;3;1;2
22428,112982,14,0;1;3;2
22429,111980,14,0;3;1;2
22430,90972,14,0;2;1;3
22431,104019,14,0;3;1;2
22432,104560,14,0;2;1;3
22433,154566,14,0;3;2;1
22434,118805,14,0;1;3;2
22435,121729,14,0;1;2;3
22436,122157,14,0;1;3;2
22437,83176,14,0;3;1;2
22438,121368,14,0;1;3;2
22439,122209,14,0;1;3;2
22440,120988,14,0;1;3;2
22441,123036,14,0;1;2;3
22442,127775,14,0;1;2;3
22443,127893,14,0;1;2;3
22444,128127,14,0;1;2;3
22445,127283,14,0;1;3;2
22446,127409,14,0;1;3;2
22447,127533,14,0;1;3;2
22448,127655,14,0;1;3;2
22449,91050,14,0;3;1;2
22450,155298,14,0;3;2;1
22451,165225,14,0;2;1;3
22452,133848,14,0;1;3;2
22453,133526,14,0;1;3;2
22454,121332,14,0;2;1;3
22455,53126,14,0;3;1;2
22456,132019,14,0;1;3;2
22457,135450,14,0;1;3;2
22458,140673,14,0;1;3;2
22459,136450,14,0;1;2;3
22460,142138,14,0;1;2;3
22461,142283,14,0;1;2;3
22462,92016,14,0;3;1;2
22463,155906,14,0;3;2;1
22464,143907,14,0;1;2;3
22465,144287,14,0;1;2;3
22466,144666,14,0;1;3;2
22467,143928,14,0;1;3;2
22468,90471,14,0;2;1;3
22469,99608,14,0;3;2;1
22470,145480,14,0;1;2;3
22471,145990,14,0;1;3;2
22472,103687,14,0;2;1;3
22473,102499,14,0;3;1;2
22474,151516,14,0;1;2;3
22475,146333,14,0;1;3;2
22476,147246,14,0;1;2;3
22477,152809,14,0;1;2;3
22478,152812,14,0;1;2;3
22479,147377,14,0;1;2;3
22480,147496,14,0;1;2;3
22481,151606,14,0;1;3;2
22482,152851,14,0;1;3;2
22483,72347,14,0;3;2;1
22484,90777,14,0;3;1;2
22485,72348,14,0;3;2;1
22486,52912,14,0;3;2;1
22487,73657,14,0;3;2;1
22488,42954,14,0;3;1;2
22489,50685,14,0;3;1;2
22490,63010,14,0;3;1;2
22491,72015,14,0;3;1;2
22492,80882,14,0;3;1;2
22493,88928,14,0;3;1;2
22494,89195,14,0;3;1;2
22495,160470,14,0;1;2;3
22496,160475,14,0;1;2;3
22497,160454,14,0;1;3;2
22498,159587,14,0;1;3;2
22499,159637,14,0;1;3;2
22500,161049,14,0;1;2;3
22501,65285,14,0;2;3;1
22502,66118,14,0;3;2;1
22503,160812,14,0;1;3;2
22504,162306,14,0;1;3;2
22505,162504,14,0;1;2;3
22506,162838,14,0;1;2;3
22507,50677,14,0;3;1;2
22508,100202,14,0;3;1;2
22509,162944,14,0;1;2;3
22510,163003,14,0;1;2;3
22511,160990,14,0;1;3;2
22512,162405,14,0;1;3;2
22513,142443,14,0;3;1;2
22514,162875,14,0;1;3;2
22515,156592,14,0;1;2;3
22516,44711,14,0;3;2;1
22517,81140,14,0;3;1;2
22518,144362,14,0;3;1;2
22519,142667,14,0;3;1;2
22520,100203,14,0;3;1;2
22521,163669,14,0;1;2;3
22522,23583,14,0;3;2;1
22523,90966,14,0;2;1;3
22524,162941,14,0;1;3;2
22525,52936,14,0;3;2;1
22526,50783,14,0;3;1;2
22527,162981,14,0;1;3;2
22528,50819,14,0;2;3;1
22529,134567,14,0;3;1;2
22530,91586,14,0;3;1;2
22531,91681,14,0;3;1;2
22532,113373,14,0;3;1;2
22533,63034,14,0;3;1;2
22534,63401,14,0;3;1;2
22535,164392,14,0;1;2;3
22536,91490,14,0;3;1;2
22537,44837,14,0;3;2;1
22538,20481,14,0;3;2;1
22539,88934,14,0;2;1;3
22540,65973,14,0;3;2;1
22541,75845,14,0;3;1;2
22542,103245,14,0;3;1;2
22543,163019,14,0;1;3;2
22544,23720,14,0;3;2;1
22545,164007,14,0;1;3;2
22546,52938,14,0;3;2;1
22547,65333,14,0;3;2;1
22548,82443,14,0;3;2;1
22549,134072,14,0;3;1;2
22550,165038,14,0;1;2;3
22551,20358,14,0;3;2;1
22552,163683,14,0;1;3;2
22553,83027,14,0;3;1;2
22554,90488,14,0;2;1;3
22555,74646,14,0;3;1;2
22556,75157,14,0;3;2;1
22557,144806,14,0;3;1;2
22558,24192,14,0;3;2;1
22559,80894,14,0;2;3;1
22560,165607,14,0;1;2;3
22561,121007,14,0;3;1;2
22562,63236,14,0;3;2;1
22563,121642,14,0;3;1;2
22564,24353,14,0;2;3;1
22565,73834,14,0;3;2;1
22566,54260,14,0;3;2;1
22567,91581,14,0;3;1;2
22568,123050,14,0;3;1;2
22569,104360,14,0;3;2;1
22570,84069,14,0;3;2;1
22571,84055,14,0;3;2;1
22572,44437,14,0;3;2;1
22573,25705,14,0;3;2;1
22574,84183,14,0;3;2;1
22575,76545,14,0;2;3;1
22576,92706,14,0;3;2;1
22577,92342,14,0;2;3;1
22578,165999,14,0;3;1;2
22579,34146,14,0;1;3;2
22580,36466,14,0;3;2;1
22581,152916,14,0;3;2;1
22582,102744,14,0;1;2;3
22583,112290,14,0;1;3;2
22584,35845,14,0;3;2;1
22585,133502,14,0;1;2;3
22586,133957,14,0;1;2;3
22587,134373,14,0;1;2;3
22588,131915,14,0;1;3;2
22589,35976,14,0;3;2;1
22590,36518,14,0;3;2;1
22591,36993,14,0;3;2;1
22592,37355,14,0;3;2;1
22593,142035,14,0;1;3;2
22594,142132,14,0;1;3;2
22595,142288,14,0;1;3;2
22596,34027,14,0;3;2;1
22597,34144,14,0;3;2;1
22598,142454,14,0;1;3;2
22599,144388,14,0;1;3;2
22600,153194,14,0;1;3;2
22601,153688,14,0;1;3;2
22602,159612,14,0;1;3;2
22603,154587,14,0;1;3;2
22604,50773,14,0;3;1;2
22605,99696,14,0;3;1;2
22606,36843,14,0;2;3;1
22607,161109,14,0;1;3;2
22608,34019,14,0;3;1;2
22609,20335,14,0;3;2;1
22610,37740,14,0;3;2;1
22611,35944,14,0;3;1;2
22612,52833,14,0;3;1;2
22613,35642,14,0;3;2;1
22614,36393,14,0;3;2;1
22615,161987,14,0;3;2;1
22616,59097,14,0;1;2;3
22617,59217,14,0;1;2;3
22618,59451,14,0;1;2;3
22619,58600,14,0;1;3;2
22620,58726,14,0;1;3;2
22621,58851,14,0;1;3;2
22622,58975,14,0;1;3;2
22623,73243,14,0;1;2;3
22624,89937,14,0;1;3;2
22625,90174,14,0;3;1;2
22626,101430,14,0;1;3;2
22627,23069,14,0;3;1;2
22628,80765,14,0;3;1;2
22629,111410,14,0;1;2;3
22630,51947,14,0;3;1;2
22631,120432,14,0;1;3;2
22632,128011,14,0;1;2;3
22633,132938,14,0;1;3;2
22634,71866,14,0;2;3;1
22635,73371,14,0;3;1;2
22636,51217,14,0;3;1;2
22637,151326,14,0;1;3;2
22638,90230,14,0;3;1;2
22639,44128,14,0;3;2;1
22640,159586,14,0;1;3;2
22641,159636,14,0;1;3;2
22642,159660,14,0;1;3;2
22643,159684,14,0;1;3;2
22644,162099,14,0;1;2;3
22645,161923,14,0;1;3;2
22646,162023,14,0;1;3;2
22647,82194,14,0;3;1;2
22648,64708,14,0;3;1;2
22649,50549,14,0;2;3;1
22650,82075,14,0;2;1;3
22651,151198,14,0;2;1;3
22652,141924,14,0;3;2;1
22653,132994,14,0;1;2;3
22654,35325,14,0;3;2;1
22655,33755,14,0;3;1;2
22656,159611,14,0;1;3;2
22657,160711,14,0;1;2;3
22658,162026,14,0;1;2;3
22659,20324,14,0;3;2;1
22660,20466,14,0;3;2;1
22661,388,14,0;1;2;3
22662,643,14,0;1;2;3
22663,769,14,0;1;2;3
22664,894,14,0;1;2;3
22665,1018,14,0;1;2;3
22666,1141,14,0;1;2;3
22667,1263,14,0;1;2;3
22668,1384,14,0;1;2;3
22669,1504,14,0;1;2;3
22670,1623,14,0;1;2;3
22671,1741,14,0;1;2;3
22672,1858,14,0;1;2;3
22673,1974,14,0;1;2;3
22674,2089,14,0;1;2;3
22675,10675,14,0;1;2;3
22676,10690,14,0;1;2;3
22677,10697,14,0;1;2;3
22678,10711,14,0;1;2;3
22679,10718,14,0;1;2;3
22680,10729,14,0;1;2;3
22681,10298,14,0;1;3;2
22682,10145,14,0;1;3;2
22683,10146,14,0;1;3;2
22684,10299,14,0;1;3;2
22685,10997,14,0;1;2;3
22686,9532,14,0;1;3;2
22687,9516,14,0;1;3;2
22688,9527,14,0;1;3;2
22689,9857,14,0;1;3;2
22690,9866,14,0;1;3;2
22691,42062,14,0;1;2;3
22692,41941,14,0;1;3;2
22693,23118,14,0;2;3;1
22694,51635,14,0;1;2;3
22695,59335,14,0;1;2;3
22696,63022,14,0;1;2;3
22697,20520,14,0;3;2;1
22698,89246,14,0;1;3;2
22699,111317,14,0;2;1;3
22700,51612,14,0;2;1;3
22701,50713,14,0;3;1;2
22702,142039,14,0;1;3;2
22703,43813,14,0;2;3;1
22704,161890,14,0;1;3;2
22705,132702,14,0;3;1;2
22706,101238,14,0;3;1;2
22707,8848,14,0;1;2;3
22708,9084,14,0;1;3;2
22709,8997,14,0;1;3;2
22710,9053,14,0;1;3;2
22711,33967,14,0;3;1;2
22712,34922,14,0;2;3;1
22713,20795,14,0;3;2;1
22714,33854,14,0;3;1;2
22715,34935,14,0;3;2;1
22716,35290,14,0;3;2;1
22717,10948,14,0;1;2;3
22718,9500,14,0;1;3;2
22719,516,14,0;1;2;3
22720,29801,14,0;1;2;3
22721,29921,14,0;1;2;3
22722,20784,14,0;2;3;1
22723,29429,14,0;1;3;2
22724,29555,14,0;1;3;2
22725,29679,14,0;1;3;2
22726,33616,14,0;1;2;3
22727,34309,14,0;3;2;1
22728,141967,14,0;1;3;2
22729,151267,14,0;1;2;3
22730,30155,14,0;2;1;3
22731,21401,14,0;3;1;2
22732,51846,14,0;3;2;1
22733,82199,14,0;3;1;2
22734,30039,14,0;1;2;3
22735,15,14,0;1;2;3
22736,185,14,0;1;2;3
24077,23715,15,0;1;2;3
24078,169319,15,0;3;2;1
24079,83144,15,0;2;1;3
24080,89020,15,0;2;3;1
24081,44714,15,0;1;2;3
24082,50806,15,0;1;2;3
24083,52723,15,0;1;2;3
24084,171663,15,0;2;1;3
24085,64916,15,0;1;2;3
24086,171071,15,0;2;1;3
24087,80043,15,0;1;2;3
24088,80061,15,0;1;2;3
24089,79947,15,0;1;3;2
24090,81279,15,0;1;2;3
24091,90581,15,0;1;3;2
24092,99717,15,0;3;2;1
24093,83066,15,0;3;1;2
24094,97379,15,0;1;2;3
24095,97128,15,0;1;3;2
24096,97254,15,0;1;3;2
24097,99887,15,0;1;2;3
24098,91250,15,0;3;1;2
24099,102743,15,0;1;2;3
24100,90704,15,0;3;1;2
24101,91648,15,0;3;1;2
24102,163020,15,0;3;2;1
24103,172870,15,0;2;1;3
24104,111829,15,0;1;3;2
24105,111922,15,0;1;3;2
24106,112425,15,0;1;3;2
24107,110666,15,0;1;3;2
24108,113866,15,0;1;2;3
24109,100261,15,0;3;1;2
24110,163689,15,0;3;2;1
24111,118835,15,0;1;2;3
24112,118844,15,0;1;2;3
24113,119336,15,0;1;3;2
24114,121373,15,0;1;2;3
24115,119680,15,0;1;3;2
24116,89160,15,0;3;2;1
24117,121745,15,0;1;3;2
24118,52835,15,0;2;3;1
24119,127595,15,0;1;2;3
24120,127835,15,0;1;2;3
24121,127953,15,0;1;2;3
24122,128185,15,0;1;2;3
24123,127472,15,0;1;3;2
24124,127716,15,0;1;3;2
24125,131660,15,0;1;2;3
24126,91541,15,0;3;1;2
24127,164409,15,0;3;2;1
24128,133439,15,0;1;2;3
24129,131772,15,0;1;3;2
24130,133955,15,0;1;2;3
24131,133958,15,0;1;2;3
24132,131833,15,0;1;3;2
24133,134335,15,0;1;3;2
24134,43096,15,0;3;2;1
24135,43356,15,0;3;2;1
24136,131907,15,0;1;3;2
24137,134860,15,0;1;3;2
24138,135703,15,0;1;3;2
24139,135416,15,0;1;3;2
24140,104390,15,0;3;1;2
24141,136137,15,0;1;2;3
24142,24764,15,0;2;3;1
24143,140798,15,0;1;2;3
24144,140810,15,0;1;2;3
24145,140822,15,0;1;2;3
24146,140835,15,0;1;2;3
24147,140711,15,0;1;3;2
24148,142307,15,0;1;2;3
24149,135479,15,0;1;3;2
24150,66753,15,0;3;2;1
24151,165052,15,0;3;2;1
24152,142139,15,0;1;3;2
24153,174090,15,0;2;1;3
24154,144246,15,0;1;2;3
24155,100439,15,0;3;1;2
24156,145221,15,0;1;3;2
24157,145235,15,0;1;2;3
24158,142460,15,0;1;3;2
24159,45714,15,0;3;1;2
24160,91034,15,0;2;1;3
24161,44824,15,0;3;2;1
24162,144875,15,0;1;3;2
24163,45888,15,0;3;2;1
24164,122200,15,0;2;1;3
24165,74832,15,0;3;1;2
24166,151348,15,0;1;2;3
24167,147094,15,0;1;2;3
24168,165620,15,0;3;2;1
24169,151521,15,0;1;3;2
24170,152752,15,0;1;3;2
24171,151567,15,0;1;3;2
24172,134550,15,0;3;1;2
24173,152862,15,0;1;3;2
24174,153745,15,0;1;3;2
24175,24832,15,0;3;1;2
24176,152894,15,0;1;3;2
24177,152895,15,0;1;3;2
24178,153354,15,0;1;3;2
24179,81280,15,0;3;1;2
24180,154181,15,0;1;3;2
24181,159588,15,0;1;3;2
24182,73754,15,0;3;1;2
24183,74807,15,0;3;2;1
24184,114478,15,0;2;3;1
24185,101983,15,0;3;1;2
24186,85026,15,0;3;2;1
24187,156398,15,0;1;2;3
24188,156591,15,0;1;2;3
24189,163200,15,0;1;3;2
24190,156615,15,0;1;2;3
24191,163251,15,0;1;2;3
24192,163252,15,0;1;2;3
24193,161121,15,0;1;3;2
24194,162942,15,0;1;3;2
24195,163249,15,0;1;3;2
24196,134367,15,0;3;1;2
24197,161191,15,0;1;3;2
24198,103260,15,0;3;1;2
24199,169332,15,0;1;2;3
24200,102722,15,0;3;1;2
24201,73792,15,0;3;2;1
24202,170886,15,0;1;2;3
24203,169306,15,0;1;3;2
24204,170745,15,0;1;3;2
24205,171145,15,0;1;3;2
24206,43292,15,0;3;1;2
24207,171789,15,0;1;2;3
24208,169504,15,0;1;3;2
24209,174352,15,0;3;1;2
24210,166161,15,0;1;2;3
24211,65119,15,0;3;1;2
24212,172025,15,0;1;3;2
24213,153842,15,0;3;1;2
24214,103254,15,0;3;1;2
24215,119746,15,0;3;1;2
24216,172570,15,0;1;2;3
24217,83043,15,0;3;2;1
24218,82499,15,0;3;2;1
24219,172452,15,0;1;3;2
24220,50792,15,0;3;1;2
24221,25130,15,0;3;1;2
24222,50805,15,0;3;1;2
24223,100204,15,0;3;1;2
24224,50830,15,0;3;1;2
24225,75291,15,0;3;2;1
24226,24373,15,0;3;2;1
24227,173153,15,0;1;2;3
24228,20484,15,0;3;2;1
24229,50683,15,0;3;2;1
24230,23335,15,0;3;2;1
24231,112973,15,0;3;1;2
24232,121288,15,0;3;1;2
24233,89043,15,0;2;1;3
24234,99816,15,0;3;1;2
24235,24378,15,0;3;2;1
24236,88935,15,0;3;1;2
24237,99852,15,0;3;1;2
24238,163681,15,0;3;1;2
24239,173860,15,0;1;2;3
24240,99877,15,0;3;1;2
24241,44433,15,0;3;2;1
24242,53560,15,0;3;2;1
24243,135842,15,0;3;1;2
24244,84225,15,0;3;2;1
24245,24784,15,0;3;2;1
24246,74095,15,0;3;2;1
24247,102463,15,0;3;1;2
24248,53641,15,0;3;2;1
24249,65719,15,0;3;2;1
24250,103978,15,0;3;2;1
24251,92753,15,0;3;1;2
24252,112978,15,0;3;1;2
24253,113002,15,0;3;1;2
24254,47147,15,0;3;2;1
24255,103946,15,0;3;2;1
24256,75160,15,0;3;2;1
24257,103982,15,0;2;3;1
24258,52702,15,0;3;2;1
24259,47199,15,0;3;2;1
24260,104018,15,0;3;2;1
24261,174799,15,0;1;2;3
24262,102305,15,0;3;2;1
24263,25325,15,0;3;2;1
24264,133897,15,0;3;2;1
24265,91960,15,0;3;2;1
24266,67674,15,0;3;2;1
24267,136728,15,0;3;2;1
24268,92741,15,0;3;2;1
24269,121691,15,0;1;3;2
24270,127347,15,0;1;3;2
24271,131670,15,0;1;2;3
24272,113752,15,0;3;1;2
24273,133504,15,0;1;3;2
24274,132020,15,0;1;3;2
24275,36467,15,0;3;2;1
24276,142305,15,0;1;3;2
24277,133650,15,0;3;1;2
24278,33880,15,0;3;2;1
24279,151611,15,0;1;3;2
24280,36517,15,0;3;1;2
24281,146761,15,0;3;1;2
24282,33889,15,0;3;1;2
24283,37498,15,0;3;2;1
24284,169678,15,0;1;2;3
24285,90762,15,0;3;1;2
24286,169294,15,0;1;3;2
24287,35821,15,0;3;2;1
24288,20521,15,0;3;1;2
24289,34102,15,0;3;2;1
24290,36313,15,0;3;2;1
24291,89233,15,0;3;1;2
24292,119663,15,0;3;1;2
24293,33957,15,0;3;2;1
24294,38075,15,0;2;3;1
24295,74160,15,0;3;1;2
24296,36537,15,0;3;1;2
24297,59158,15,0;1;2;3
24298,59277,15,0;1;2;3
24299,59509,15,0;1;2;3
24300,58789,15,0;1;3;2
24301,58914,15,0;1;3;2
24302,59037,15,0;1;3;2
24303,88918,15,0;1;2;3
24304,162122,15,0;3;2;1
24305,101425,15,0;1;3;2
24306,101517,15,0;1;3;2
24307,90127,15,0;3;2;1
24308,71806,15,0;2;3;1
24309,111470,15,0;1;3;2
24310,128070,15,0;1;2;3
24311,71822,15,0;2;3;1
24312,82243,15,0;3;1;2
24313,62856,15,0;2;3;1
24314,90129,15,0;3;1;2
24315,63707,15,0;3;1;2
24316,143647,15,0;1;3;2
24317,20724,15,0;3;2;1
24318,152207,15,0;1;3;2
24319,88755,15,0;2;1;3
24320,159708,15,0;1;3;2
24321,161190,15,0;1;3;2
24322,50535,15,0;3;2;1
24323,169135,15,0;1;3;2
24324,100192,15,0;3;1;2
24325,100201,15,0;3;1;2
24326,43477,15,0;3;1;2
24327,170355,15,0;1;3;2
24328,90247,15,0;3;1;2
24329,82241,15,0;3;1;2
24330,111564,15,0;3;1;2
24331,80766,15,0;2;1;3
24332,88758,15,0;2;1;3
24333,170549,15,0;1;3;2
24334,50761,15,0;3;1;2
24335,51743,15,0;3;1;2
24336,23052,15,0;3;2;1
24337,82222,15,0;3;1;2
24338,44112,15,0;3;2;1
24339,101426,15,0;2;1;3
24340,82155,15,0;3;1;2
24341,43949,15,0;3;2;1
24342,88747,15,0;3;2;1
24343,73057,15,0;3;2;1
24344,101327,15,0;3;2;1
24345,73088,15,0;2;3;1
24346,58664,15,0;1;3;2
24347,132892,15,0;1;3;2
24348,170527,15,0;1;3;2
24349,35052,15,0;3;2;1
24350,33574,15,0;3;2;1
24351,33601,15,0;3;2;1
24352,389,15,0;1;2;3
24353,644,15,0;1;2;3
24354,770,15,0;1;2;3
24355,895,15,0;1;2;3
24356,1019,15,0;1;2;3
24357,1142,15,0;1;2;3
24358,1264,15,0;1;2;3
24359,1385,15,0;1;2;3
24360,1505,15,0;1;2;3
24361,1624,15,0;1;2;3
24362,1742,15,0;1;2;3
24363,1859,15,0;1;2;3
24364,1975,15,0;1;2;3
24365,2090,15,0;1;2;3
24366,2204,15,0;1;2;3
24367,10407,15,0;1;2;3
24368,10566,15,0;1;2;3
24369,10874,15,0;1;2;3
24370,10884,15,0;1;2;3
24371,10739,15,0;1;3;2
24372,10740,15,0;1;3;2
24373,11178,15,0;1;2;3
24374,8786,15,0;1;3;2
24375,9599,15,0;1;3;2
24376,9628,15,0;1;3;2
24377,10018,15,0;1;3;2
24378,10422,15,0;1;3;2
24379,10571,15,0;1;3;2
24380,20300,15,0;2;3;1
24381,50248,15,0;1;2;3
24382,51634,15,0;1;2;3
24383,59394,15,0;1;2;3
24384,89205,15,0;1;2;3
24385,43831,15,0;2;3;1
24386,119627,15,0;1;3;2
24387,63130,15,0;3;1;2
24388,142156,15,0;1;3;2
24389,22894,15,0;2;3;1
24390,170318,15,0;1;3;2
24391,22971,15,0;3;2;1
24392,22899,15,0;3;2;1
24393,111335,15,0;3;1;2
24394,8849,15,0;1;2;3
24395,9095,15,0;1;3;2
24396,9017,15,0;1;3;2
24397,9042,15,0;1;3;2
24398,33792,15,0;1;3;2
24399,88953,15,0;3;1;2
24400,34946,15,0;3;2;1
24401,11144,15,0;1;2;3
24402,8762,15,0;1;3;2
24403,9977,15,0;1;3;2
24404,42015,15,0;1;3;2
24405,43210,15,0;3;2;1
24406,89328,15,0;3;1;2
24407,71888,15,0;3;1;2
24408,71887,15,0;2;3;1
24409,517,15,0;1;2;3
24410,29862,15,0;1;2;3
24411,29981,15,0;1;2;3
24412,30213,15,0;1;2;3
24413,29493,15,0;1;3;2
24414,29618,15,0;1;3;2
24415,29741,15,0;1;3;2
24416,34325,15,0;3;2;1
24417,151268,15,0;1;3;2
24418,160759,15,0;1;2;3
24419,21447,15,0;3;1;2
24420,29366,15,0;1;3;2
24421,30098,15,0;1;2;3
24422,34910,15,0;3;2;1
24423,139,15,0;1;2;3
24424,16,15,0;1;2;3
24425,188,15,0;1;2;3
26002,23510,16,0;1;2;3
26003,23714,16,0;1;2;3
26004,43359,16,0;1;3;2
26005,52722,16,0;1;2;3
26006,177892,16,0;2;1;3
26007,182613,16,0;2;1;3
26008,72088,16,0;1;2;3
26009,80024,16,0;1;2;3
26010,181788,16,0;2;1;3
26011,90476,16,0;1;2;3
26012,97429,16,0;1;2;3
26013,97453,16,0;1;2;3
26014,97477,16,0;1;2;3
26015,97501,16,0;1;2;3
26016,97525,16,0;1;2;3
26017,97179,16,0;1;3;2
26018,97304,16,0;1;3;2
26019,99614,16,0;1;3;2
26020,102263,16,0;1;2;3
26021,51001,16,0;3;2;1
26022,99850,16,0;1;3;2
26023,92694,16,0;2;3;1
26024,102028,16,0;3;1;2
26025,102472,16,0;3;1;2
26026,103140,16,0;3;1;2
26027,103777,16,0;3;1;2
26028,104027,16,0;3;1;2
26029,111910,16,0;1;2;3
26030,111958,16,0;1;2;3
26031,102026,16,0;3;1;2
26032,110582,16,0;1;3;2
26033,72362,16,0;3;1;2
26034,113006,16,0;1;3;2
26035,103130,16,0;3;1;2
26036,104024,16,0;3;1;2
26037,104561,16,0;2;1;3
26038,171803,16,0;3;2;1
26039,118827,16,0;1;3;2
26040,63257,16,0;3;2;1
26041,183640,16,0;2;1;3
26042,119475,16,0;1;3;2
26043,119549,16,0;1;3;2
26044,121751,16,0;1;2;3
26045,119618,16,0;1;3;2
26046,121800,16,0;1;3;2
26047,101895,16,0;2;1;3
26048,123073,16,0;1;2;3
26049,82374,16,0;2;1;3
26050,122265,16,0;1;3;2
26051,123233,16,0;1;2;3
26052,127894,16,0;1;2;3
26053,128012,16,0;1;2;3
26054,128242,16,0;1;2;3
26055,127284,16,0;1;3;2
26056,127410,16,0;1;3;2
26057,127534,16,0;1;3;2
26058,127656,16,0;1;3;2
26059,127776,16,0;1;3;2
26060,101986,16,0;3;1;2
26061,172585,16,0;3;2;1
26062,133837,16,0;1;3;2
26063,133451,16,0;1;3;2
26064,133574,16,0;1;3;2
26065,52858,16,0;3;1;2
26066,134856,16,0;1;3;2
26067,132048,16,0;1;3;2
26068,135851,16,0;1;2;3
26069,134898,16,0;1;3;2
26070,134924,16,0;1;3;2
26071,135452,16,0;1;3;2
26072,140748,16,0;1;3;2
26073,102027,16,0;3;1;2
26074,142108,16,0;1;2;3
26075,142121,16,0;1;2;3
26076,66686,16,0;2;3;1
26077,112532,16,0;3;1;2
26078,173174,16,0;3;2;1
26079,143800,16,0;1;3;2
26080,143931,16,0;1;2;3
26081,142140,16,0;1;3;2
26082,144275,16,0;1;2;3
26083,144294,16,0;1;2;3
26084,144807,16,0;1;2;3
26085,144811,16,0;1;2;3
26086,145236,16,0;1;2;3
26087,142464,16,0;1;3;2
26088,144290,16,0;1;3;2
26089,142536,16,0;1;3;2
26090,101892,16,0;2;1;3
26091,144358,16,0;1;3;2
26092,145984,16,0;1;3;2
26093,44793,16,0;3;2;1
26094,146246,16,0;1;3;2
26095,65728,16,0;2;3;1
26096,45377,16,0;3;2;1
26097,81197,16,0;3;1;2
26098,84761,16,0;2;3;1
26099,146843,16,0;1;2;3
26100,45860,16,0;3;2;1
26101,46231,16,0;3;2;1
26102,136422,16,0;3;1;2
26103,173874,16,0;3;2;1
26104,89376,16,0;3;1;2
26105,153312,16,0;1;2;3
26106,151510,16,0;1;3;2
26107,185230,16,0;2;1;3
26108,153695,16,0;1;2;3
26109,23823,16,0;3;2;1
26110,90793,16,0;3;1;2
26111,151565,16,0;3;1;2
26112,136393,16,0;3;2;1
26113,45133,16,0;2;1;3
26114,74163,16,0;2;3;1
26115,154535,16,0;1;2;3
26116,151656,16,0;1;3;2
26117,153392,16,0;1;3;2
26118,154186,16,0;1;3;2
26119,73656,16,0;2;3;1
26120,113195,16,0;2;3;1
26121,99616,16,0;3;1;2
26122,160449,16,0;1;3;2
26123,159661,16,0;1;3;2
26124,112585,16,0;3;1;2
26125,160939,16,0;1;2;3
26126,161052,16,0;1;2;3
26127,84763,16,0;3;1;2
26128,156174,16,0;1;2;3
26129,162470,16,0;1;2;3
26130,162914,16,0;1;2;3
26131,100239,16,0;3;1;2
26132,162869,16,0;1;3;2
26133,174366,16,0;3;2;1
26134,163224,16,0;1;3;2
26135,72040,16,0;3;2;1
26136,163653,16,0;1;2;3
26137,100240,16,0;3;1;2
26138,162301,16,0;2;1;3
26139,99710,16,0;3;2;1
26140,66237,16,0;3;1;2
26141,161234,16,0;1;3;2
26142,142671,16,0;3;1;2
26143,51052,16,0;3;1;2
26144,164622,16,0;1;3;2
26145,163670,16,0;3;1;2
26146,52840,16,0;3;2;1
26147,163682,16,0;1;3;2
26148,52841,16,0;3;2;1
26149,20528,16,0;3;2;1
26150,45786,16,0;3;2;1
26151,171175,16,0;1;2;3
26152,166023,16,0;1;2;3
26153,185059,16,0;3;1;2
26154,166160,16,0;1;2;3
26155,171975,16,0;1;3;2
26156,166197,16,0;1;2;3
26157,172499,16,0;1;2;3
26158,169679,16,0;1;3;2
26159,100241,16,0;3;1;2
26160,20456,16,0;3;1;2
26161,89113,16,0;3;1;2
26162,160996,16,0;3;1;2
26163,20788,16,0;3;1;2
26164,177921,16,0;1;2;3
26165,100133,16,0;3;1;2
26166,177943,16,0;1;2;3
26167,177950,16,0;1;2;3
26168,142530,16,0;3;1;2
26169,177965,16,0;1;2;3
26170,177972,16,0;1;2;3
26171,177979,16,0;1;2;3
26172,177987,16,0;1;2;3
26173,177884,16,0;1;3;2
26174,177914,16,0;1;3;2
26175,177907,16,0;1;3;2
26176,177936,16,0;1;3;2
26177,178910,16,0;1;2;3
26178,178911,16,0;1;2;3
26179,178932,16,0;1;2;3
26180,178933,16,0;1;2;3
26181,44543,16,0;3;2;1
26182,179155,16,0;1;2;3
26183,134525,16,0;3;1;2
26184,178777,16,0;1;3;2
26185,181029,16,0;1;3;2
26186,25121,16,0;3;2;1
26187,54867,16,0;3;2;1
26188,174110,16,0;1;3;2
26189,113841,16,0;3;1;2
26190,181504,16,0;1;2;3
26191,81559,16,0;3;1;2
26192,65595,16,0;3;1;2
26193,172974,16,0;1;3;2
26194,181575,16,0;1;2;3
26195,178955,16,0;1;3;2
26196,178916,16,0;1;3;2
26197,178884,16,0;1;3;2
26198,181104,16,0;1;3;2
26199,110558,16,0;3;1;2
26200,44756,16,0;3;2;1
26201,181799,16,0;1;3;2
26202,181780,16,0;1;3;2
26203,181773,16,0;1;3;2
26204,181783,16,0;1;3;2
26205,181981,16,0;1;2;3
26206,112600,16,0;3;1;2
26207,179143,16,0;1;3;2
26208,145629,16,0;3;1;2
26209,181474,16,0;1;3;2
26210,181956,16,0;1;3;2
26211,102441,16,0;3;1;2
26212,182688,16,0;1;2;3
26213,99820,16,0;3;1;2
26214,43299,16,0;3;1;2
26215,100481,16,0;3;1;2
26216,119854,16,0;3;1;2
26217,103303,16,0;3;1;2
26218,182754,16,0;1;2;3
26219,181165,16,0;1;3;2
26220,181982,16,0;1;3;2
26221,182657,16,0;1;3;2
26222,174946,16,0;1;2;3
26223,53061,16,0;3;2;1
26224,52189,16,0;3;1;2
26225,74453,16,0;3;1;2
26226,82678,16,0;3;1;2
26227,179264,16,0;1;3;2
26228,146059,16,0;3;1;2
26229,82516,16,0;2;3;1
26230,181200,16,0;1;3;2
26231,73730,16,0;3;1;2
26232,45700,16,0;3;2;1
26233,164487,16,0;3;1;2
26234,142598,16,0;3;1;2
26235,183409,16,0;1;2;3
26236,99599,16,0;3;1;2
26237,170747,16,0;3;1;2
26238,20337,16,0;3;2;1
26239,45955,16,0;3;2;1
26240,182055,16,0;1;3;2
26241,52965,16,0;3;2;1
26242,131741,16,0;3;1;2
26243,110476,16,0;3;1;2
26244,74648,16,0;3;1;2
26245,182717,16,0;3;1;2
26246,66032,16,0;3;2;1
26247,171349,16,0;3;1;2
26248,123234,16,0;3;1;2
26249,74865,16,0;3;1;2
26250,74156,16,0;3;2;1
26251,183641,16,0;1;3;2
26252,73643,16,0;3;1;2
26253,72103,16,0;3;1;2
26254,73907,16,0;3;1;2
26255,181576,16,0;1;3;2
26256,133997,16,0;3;1;2
26257,122740,16,0;3;1;2
26258,155275,16,0;3;1;2
26259,179634,16,0;1;3;2
26260,184532,16,0;1;2;3
26261,119364,16,0;2;1;3
26262,120688,16,0;3;1;2
26263,110437,16,0;3;1;2
26264,50793,16,0;3;2;1
26265,20720,16,0;3;2;1
26266,20262,16,0;3;2;1
26267,24501,16,0;3;2;1
26268,52385,16,0;3;2;1
26269,101823,16,0;2;1;3
26270,92127,16,0;3;1;2
26271,184496,16,0;1;3;2
26272,111821,16,0;2;1;3
26273,112373,16,0;3;1;2
26274,75229,16,0;3;2;1
26275,100070,16,0;3;1;2
26276,50820,16,0;2;3;1
26277,25047,16,0;3;2;1
26278,99890,16,0;3;1;2
26279,50807,16,0;3;2;1
26280,44531,16,0;3;2;1
26281,121678,16,0;3;1;2
26282,52687,16,0;3;2;1
26283,45293,16,0;3;2;1
26284,52696,16,0;3;2;1
26285,121871,16,0;3;1;2
26286,52707,16,0;3;2;1
26287,154125,16,0;3;1;2
26288,74157,16,0;3;2;1
26289,92817,16,0;3;1;2
26290,91528,16,0;3;1;2
26291,91680,16,0;3;1;2
26292,84226,16,0;3;2;1
26293,101820,16,0;3;1;2
26294,104317,16,0;3;1;2
26295,84147,16,0;3;2;1
26296,92087,16,0;3;1;2
26297,93229,16,0;3;2;1
26298,112999,16,0;3;1;2
26299,142534,16,0;3;1;2
26300,73733,16,0;3;2;1
26301,113602,16,0;3;1;2
26302,154598,16,0;3;1;2
26303,102723,16,0;3;1;2
26304,185766,16,0;1;2;3
26305,122285,16,0;3;1;2
26306,81144,16,0;3;2;1
26307,23865,16,0;3;2;1
26308,105875,16,0;3;2;1
26309,67678,16,0;3;2;1
26310,121643,16,0;3;2;1
26311,122536,16,0;3;2;1
26312,92690,16,0;3;2;1
26313,80907,16,0;2;3;1
26314,67795,16,0;3;2;1
26315,122623,16,0;3;2;1
26316,121689,16,0;2;3;1
26317,114771,16,0;3;2;1
26318,186117,16,0;1;2;3
26319,23399,16,0;3;2;1
26320,120761,16,0;3;2;1
26321,66751,16,0;3;2;1
26322,102956,16,0;3;2;1
26323,67153,16,0;3;2;1
26324,155589,16,0;3;1;2
26325,55258,16,0;3;2;1
26326,104812,16,0;3;2;1
26327,85648,16,0;3;2;1
26328,174379,16,0;3;1;2
26329,104337,16,0;2;3;1
26330,35878,16,0;2;3;1
26331,99807,16,0;1;3;2
26332,170906,16,0;3;2;1
26333,36411,16,0;3;2;1
26334,160860,16,0;1;3;2
26335,34108,16,0;3;2;1
26336,34181,16,0;3;2;1
26337,161192,16,0;1;3;2
26338,36877,16,0;2;3;1
26339,36259,16,0;2;3;1
26340,169523,16,0;1;2;3
26341,164410,16,0;1;3;2
26342,171225,16,0;1;2;3
26343,36887,16,0;2;3;1
26344,171172,16,0;1;3;2
26345,36257,16,0;2;3;1
26346,172112,16,0;1;3;2
26347,63495,16,0;3;1;2
26348,177877,16,0;1;3;2
26349,119463,16,0;3;1;2
26350,179154,16,0;1;3;2
26351,36889,16,0;2;3;1
26352,134043,16,0;3;1;2
26353,52270,16,0;3;1;2
26354,35880,16,0;3;1;2
26355,35901,16,0;3;1;2
26356,38054,16,0;3;2;1
26357,181572,16,0;1;3;2
26358,35824,16,0;3;2;1
26359,37494,16,0;3;2;1
26360,75260,16,0;3;1;2
26361,33773,16,0;3;2;1
26362,36389,16,0;3;2;1
26363,36400,16,0;3;2;1
26364,90970,16,0;3;1;2
26365,36316,16,0;3;2;1
26366,146310,16,0;3;1;2
26367,134744,16,0;3;1;2
26368,37356,16,0;2;3;1
26369,113334,16,0;3;1;2
26370,58727,16,0;1;2;3
26371,59218,16,0;1;2;3
26372,59336,16,0;1;2;3
26373,59566,16,0;1;2;3
26374,58601,16,0;1;3;2
26375,58852,16,0;1;3;2
26376,58976,16,0;1;3;2
26377,59098,16,0;1;3;2
26378,64494,16,0;1;2;3
26379,82175,16,0;1;2;3
26380,101432,16,0;1;3;2
26381,101589,16,0;3;1;2
26382,101618,16,0;3;1;2
26383,82090,16,0;3;1;2
26384,120312,16,0;1;2;3
26385,90019,16,0;2;1;3
26386,128128,16,0;1;2;3
26387,132893,16,0;1;2;3
26388,132862,16,0;1;3;2
26389,133071,16,0;3;1;2
26390,88771,16,0;2;1;3
26391,101619,16,0;3;1;2
26392,143628,16,0;1;3;2
26393,72436,16,0;3;2;1
26394,143648,16,0;1;3;2
26395,143649,16,0;1;3;2
26396,44192,16,0;3;1;2
26397,99489,16,0;2;1;3
26398,73318,16,0;3;1;2
26399,170406,16,0;1;3;2
26400,169522,16,0;1;3;2
26401,170489,16,0;1;3;2
26402,44155,16,0;3;2;1
26403,20099,16,0;3;1;2
26404,42794,16,0;3;1;2
26405,62859,16,0;3;1;2
26406,178680,16,0;1;2;3
26407,178839,16,0;1;2;3
26408,119472,16,0;3;1;2
26409,180645,16,0;1;2;3
26410,180835,16,0;1;2;3
26411,180642,16,0;1;3;2
26412,23140,16,0;3;1;2
26413,73168,16,0;3;2;1
26414,162058,16,0;3;1;2
26415,132764,16,0;3;1;2
26416,71865,16,0;2;1;3
26417,62826,16,0;3;2;1
26418,99449,16,0;3;1;2
26419,170495,16,0;3;1;2
26420,169140,16,0;2;1;3
26421,23049,16,0;3;2;1
26422,132865,16,0;3;1;2
26423,44037,16,0;3;2;1
26424,62851,16,0;3;2;1
26425,73072,16,0;2;3;1
26426,50570,16,0;2;3;1
26427,51745,16,0;3;2;1
26428,62860,16,0;3;2;1
26429,62892,16,0;3;2;1
26430,160706,16,0;3;2;1
26431,152089,16,0;3;2;1
26432,33598,16,0;1;3;2
26433,162032,16,0;1;2;3
26434,162020,16,0;1;3;2
26435,20305,16,0;3;1;2
26436,20240,16,0;3;2;1
26437,20708,16,0;3;2;1
26438,34306,16,0;3;2;1
26439,33596,16,0;2;3;1
26440,33569,16,0;3;2;1
26441,35069,16,0;3;2;1
26442,33620,16,0;3;2;1
26443,35095,16,0;3;2;1
26444,390,16,0;1;2;3
26445,645,16,0;1;2;3
26446,771,16,0;1;2;3
26447,896,16,0;1;2;3
26448,1020,16,0;1;2;3
26449,1143,16,0;1;2;3
26450,1265,16,0;1;2;3
26451,1386,16,0;1;2;3
26452,1506,16,0;1;2;3
26453,1625,16,0;1;2;3
26454,1743,16,0;1;2;3
26455,1860,16,0;1;2;3
26456,1976,16,0;1;2;3
26457,2091,16,0;1;2;3
26458,2205,16,0;1;2;3
26459,2318,16,0;1;2;3
26460,9876,16,0;1;2;3
26461,10954,16,0;1;2;3
26462,11012,16,0;1;3;2
26463,11002,16,0;1;2;3
26464,10745,16,0;1;3;2
26465,10746,16,0;1;3;2
26466,11013,16,0;1;3;2
26467,10439,16,0;1;3;2
26468,10440,16,0;1;3;2
26469,11333,16,0;1;2;3
26470,10089,16,0;1;3;2
26471,9848,16,0;1;3;2
26472,10147,16,0;1;3;2
26473,9867,16,0;1;3;2
26474,10282,16,0;1;3;2
26475,10289,16,0;1;3;2
26476,42085,16,0;1;2;3
26477,41966,16,0;1;3;2
26478,42995,16,0;1;2;3
26479,43101,16,0;1;2;3
26480,43112,16,0;1;3;2
26481,51633,16,0;1;2;3
26482,58483,16,0;1;2;3
26483,59452,16,0;1;2;3
26484,100271,16,0;1;3;2
26485,110447,16,0;1;2;3
26486,120259,16,0;1;3;2
26487,142327,16,0;1;3;2
26488,160874,16,0;1;3;2
26489,43839,16,0;3;2;1
26490,72900,16,0;3;1;2
26491,8850,16,0;1;2;3
26492,9100,16,0;1;3;2
26493,8977,16,0;1;3;2
26494,9085,16,0;1;3;2
26495,43214,16,0;3;1;2
26496,152033,16,0;1;3;2
26497,20849,16,0;3;2;1
26498,33543,16,0;3;2;1
26499,89736,16,0;3;1;2
26500,34937,16,0;3;2;1
26501,35320,16,0;3;2;1
26502,11295,16,0;1;2;3
26503,42758,16,0;2;3;1
26504,42775,16,0;2;3;1
26505,132047,16,0;1;3;2
26506,42843,16,0;3;1;2
26507,518,16,0;1;2;3
26508,29922,16,0;1;2;3
26509,30040,16,0;1;2;3
26510,30270,16,0;1;2;3
26511,20833,16,0;2;3;1
26512,29430,16,0;1;3;2
26513,29556,16,0;1;3;2
26514,29680,16,0;1;3;2
26515,29802,16,0;1;3;2
26516,42817,16,0;1;2;3
26517,151614,16,0;1;3;2
26518,34342,16,0;3;2;1
26519,160760,16,0;1;3;2
26520,169191,16,0;1;2;3
26521,21525,16,0;3;1;2
26522,90177,16,0;3;1;2
26523,30156,16,0;1;2;3
26524,192,16,0;1;2;3
26525,17,16,0;1;2;3
26526,191,16,0;1;2;3
