rank,multiplicity,classes
3,1,4
3,2,3
3,3,4
3,4,6
3,5,5
3,6,9
3,7,6
3,8,10
3,9,12
3,10,9
3,11,10
3,12,20
3,13,9
3,14,13
3,15,16
3,16,25
3,17,11
3,18,18
3,19,20
3,20,22
3,21,24
3,22,12
3,23,22
3,24,44
3,25,19
3,26,28
3,27,20
3,28,22
3,29,25
3,30,42
3,31,24
3,32,40
3,33,36
3,34,30
3,35,24
3,36,55
3,37,33
3,38,16
3,39,36
3,40,58
3,41,29
3,42,48
3,43,34
3,44,52
3,45,48
3,46,34
3,47,38
3,48,82
3,49,46
3,50,25
3,51,58
3,52,28
3,53,39
3,54,74
3,55,40
3,56,80
3,57,40
3,58,47
3,59,54
3,60,95
3,61,61
3,62,39
3,63,48
3,64,75
3,65,62
3,66,78
3,67,50
3,68,60
3,69,50
3,70,64
3,71,58
3,72,142
3,73,51
3,74,39
3,75,88
3,76,68
3,77,50
3,78,76
3,79,60
3,80,96
3,81,68
3,82,56
3,83,68
3,84,156
3,85,58
3,86,84
3,87,80
3,88,86
3,89,91
3,90,90
3,91,72
3,92,69
3,93,74
3,94,80
3,95,78
3,96,212
3,97,65
3,98,64
3,99,104
3,100,111
3,101,75
3,102,68
3,103,76
3,104,118
3,105,118
3,106,75
3,107,76
3,108,72
3,109,87
3,110,119
3,111,128
3,112,134
3,113,87
3,114,169
3,115,70
3,116,72
3,117,126
3,118,70
3,119,86
3,120,272
3,121,110
3,122,95
3,123,106
3,124,124
3,125,103
3,126,140
3,127,94
3,128,156
3,129,114
3,130,64
3,131,100
3,132,142
3,133,100
3,134,84
3,135,158
3,136,187
3,137,101
3,138,154
3,139,112
3,140,126
3,141,120
3,142,114
3,143,90
3,144,283
3,145,104
3,146,91
3,147,112
3,148,116
3,149,125
3,150,197
3,151,124
3,152,159
3,153,142
3,154,104
3,155,118
3,156,284
3,157,113
3,158,90
3,159,152
3,160,188
3,161,154
3,162,128
3,163,136
3,164,180
3,165,142
3,166,156
3,167,114
3,168,296
3,169,137
3,170,140
3,171,126
3,172,154
3,173,121
3,174,150
3,175,164
3,176,198
3,177,174
3,178,107
3,179,148
3,180,364
3,181,129
3,182,117
3,183,108
3,184,228
3,185,140
3,186,241
3,187,158
3,188,120
3,189,218
3,190,136
3,191,156
3,192,256
3,193,137
3,194,183
3,195,160
3,196,143
3,197,135
3,198,225
3,199,152
3,200,251
3,201,230
3,202,141
3,203,126
3,204,238
3,205,190
3,206,144
3,207,172
3,208,266
3,209,164
3,210,327
3,211,174
3,212,160
3,213,180
3,214,146
3,215,166
3,216,442
3,217,152
3,218,141
3,219,272
3,220,162
3,221,174
3,222,154
3,223,154
3,224,333
3,225,160
3,226,129
3,227,182
3,228,324
3,229,193
3,230,144
3,231,252
3,232,224
3,233,185
3,234,197
3,235,192
3,236,252
3,237,194
3,238,152
3,239,194
3,240,640
3,241,195
3,242,134
3,243,262
3,244,175
3,245,170
3,246,262
3,247,196
3,248,238
3,249,178
3,250,215
3,251,184
3,252,392
3,253,168
3,254,196
3,255,252
3,256,223
3,257,225
3,258,239
3,259,180
3,260,236
3,261,264
3,262,160
3,263,192
3,264,657
3,265,234
3,266,233
3,267,186
3,268,256
3,269,197
3,270,278
3,271,222
3,272,194
3,273,242
3,274,203
3,275,246
3,276,380
3,277,185
3,278,198
3,279,280
3,280,418
3,281,221
3,282,268
3,283,202
3,284,191
3,285,334
3,286,248
3,287,214
3,288,307
3,289,279
3,290,228
3,291,246
3,292,196
3,293,215
3,294,380
3,295,186
3,296,482
3,297,194
3,298,165
3,299,252
3,300,328
3,301,234
3,302,172
3,303,248
3,304,424
3,305,220
3,306,434
3,307,222
3,308,284
3,309,314
3,310,191
3,311,234
3,312,592
3,313,247
3,314,235
3,315,394
3,316,262
3,317,259
3,318,274
3,319,244
3,320,576
3,321,252
3,322,208
3,323,224
3,324,527
3,325,220
3,326,236
3,327,312
3,328,206
3,329,216
3,330,464
3,331,314
3,332,264
3,333,248
3,334,214
3,335,216
3,336,696
3,337,253
3,338,225
3,339,262
3,340,322
3,341,294
3,342,328
3,343,270
3,344,305
3,345,456
3,346,206
3,347,246
3,348,527
3,349,273
3,350,292
3,351,336
3,352,418
3,353,267
3,354,357
3,355,300
3,356,254
3,357,342
3,358,218
3,359,358
3,360,702
3,361,272
3,362,221
3,363,290
3,364,439
3,365,282
3,366,401
3,367,288
3,368,264
3,369,346
3,370,336
3,371,306
3,372,400
3,373,305
3,374,265
3,375,264
3,376,498
3,377,252
3,378,359
3,379,290
3,380,354
3,381,368
3,382,218
3,383,286
3,384,847
3,385,274
3,386,275
3,387,260
3,388,276
3,389,339
3,390,596
3,391,284
3,392,398
3,393,302
3,394,273
3,395,300
3,396,520
3,397,333
3,398,246
3,399,368
3,400,559
3,401,313
3,402,280
3,403,300
3,404,332
3,405,374
3,406,325
3,407,266
3,408,934
3,409,337
3,410,292
3,411,554
3,412,276
3,413,268
3,414,522
3,415,290
3,416,456
3,417,340
3,418,278
3,419,336
3,420,596
3,421,295
3,422,386
3,423,362
3,424,464
3,425,306
3,426,299
3,427,308
3,428,334
3,429,448
3,430,298
3,431,316
3,432,864
3,433,315
3,434,335
3,435,436
3,436,564
3,437,272
3,438,364
3,439,460
3,440,560
3,441,388
3,442,220
3,443,338
3,444,462
3,445,324
3,446,328
3,447,412
3,448,470
3,449,355
3,450,794
3,451,352
3,452,342
3,453,350
3,454,282
3,455,398
3,456,729
3,457,361
3,458,273
3,459,356
3,460,548
3,461,427
3,462,596
3,463,358
3,464,650
3,465,470
3,466,295
3,467,344
3,468,426
3,469,382
3,470,286
3,471,494
3,472,352
3,473,328
3,474,760
3,475,302
3,476,464
3,477,364
3,478,341
3,479,364
3,480,1032
3,481,342
3,482,250
3,483,476
3,484,353
3,485,436
3,486,618
3,487,340
3,488,606
3,489,438
3,490,394
3,491,368
3,492,636
3,493,318
3,494,378
3,495,602
3,496,622
3,497,346
3,498,362
3,499,426
3,500,354
3,501,434
3,502,433
3,503,352
3,504,1142
3,505,344
3,506,358
3,507,384
3,508,313
3,509,415
3,510,624
3,511,398
3,512,438
3,513,568
3,514,331
3,515,348
3,516,746
3,517,360
3,518,284
3,519,382
3,520,790
3,521,401
3,522,348
3,523,418
3,524,506
3,525,598
3,526,354
3,527,466
3,528,866
3,529,418
3,530,411
3,531,434
3,532,411
3,533,354
3,534,572
3,535,402
3,536,622
3,537,398
3,538,338
3,539,484
3,540,976
3,541,465
3,542,304
3,543,376
3,544,652
3,545,362
3,546,760
3,547,374
3,548,391
3,549,452
3,550,364
3,551,502
3,552,1006
3,553,370
3,554,429
3,555,622
3,556,414
3,557,409
3,558,480
3,559,392
3,560,818
3,561,590
3,562,477
3,563,384
3,564,896
3,565,482
3,566,394
3,567,418
3,568,524
3,569,479
3,570,556
3,571,480
3,572,577
3,573,452
3,574,336
3,575,410
3,576,1439
3,577,405
3,578,373
3,579,658
3,580,610
3,581,436
3,582,432
3,583,452
3,584,532
3,585,626
3,586,465
3,587,432
3,588,834
3,589,432
3,590,508
3,591,538
3,592,446
3,593,553
3,594,414
3,595,512
3,596,416
3,597,510
3,598,428
3,599,432
3,600,1474
3,601,469
3,602,383
3,603,456
3,604,669
3,605,466
3,606,558
3,607,456
3,608,566
3,609,726
3,610,378
3,611,506
3,612,658
3,613,415
3,614,540
3,615,534
3,616,988
3,617,475
3,618,648
3,619,528
3,620,484
3,621,654
3,622,341
3,623,436
3,624,1024
3,625,483
3,626,479
3,627,490
3,628,510
3,629,456
3,630,800
3,631,566
3,632,608
3,633,444
3,634,403
3,635,516
3,636,884
3,637,502
3,638,374
3,639,828
3,640,550
3,641,457
3,642,862
3,643,456
3,644,645
3,645,754
3,646,420
3,647,464
3,648,922
3,649,552
3,650,474
3,651,554
3,652,420
3,653,559
3,654,677
3,655,486
3,656,1098
3,657,506
3,658,426
3,659,484
3,660,1444
3,661,501
3,662,366
3,663,498
3,664,896
3,665,490
3,666,608
3,667,466
3,668,421
3,669,598
3,670,704
3,671,528
3,672,1331
3,673,459
3,674,421
3,675,618
3,676,543
3,677,509
3,678,540
3,679,488
3,680,854
3,681,816
3,682,402
3,683,576
3,684,986
3,685,494
3,686,644
3,687,488
3,688,734
3,689,564
3,690,608
3,691,550
3,692,476
3,693,664
3,694,500
3,695,664
3,696,1201
3,697,514
3,698,425
3,699,648
3,700,790
3,701,497
3,702,566
3,703,512
3,704,798
3,705,808
3,706,393
3,707,554
3,708,816
3,709,595
3,710,470
3,711,796
3,712,882
3,713,450
3,714,1126
3,715,492
3,716,752
3,717,490
3,718,396
3,719,600
3,720,1302
3,721,592
3,722,442
3,723,636
3,724,580
3,725,540
3,726,912
3,727,528
3,728,746
3,729,542
3,730,654
3,731,568
3,732,732
3,733,645
3,734,480
3,735,630
3,736,992
3,737,560
3,738,720
3,739,552
3,740,728
3,741,692
3,742,390
3,743,500
3,744,1678
3,745,506
3,746,485
3,747,718
3,748,474
3,749,654
3,750,966
3,751,602
3,752,706
3,753,504
3,754,568
3,755,570
3,756,1039
3,757,567
3,758,540
3,759,716
3,760,1059
3,761,779
3,762,647
3,763,532
3,764,629
3,765,714
3,766,508
3,767,534
3,768,1556
3,769,599
3,770,672
3,771,634
3,772,692
3,773,541
3,774,852
3,775,638
3,776,636
3,777,748
3,778,391
3,779,658
3,780,1550
3,781,546
3,782,542
3,783,528
3,784,867
3,785,590
3,786,1064
3,787,584
3,788,596
3,789,916
3,790,552
3,791,662
3,792,1400
3,793,616
3,794,463
3,795,566
3,796,856
3,797,567
3,798,744
3,799,630
3,800,1126
3,801,738
3,802,533
3,803,552
3,804,908
3,805,574
3,806,530
3,807,822
3,808,726
3,809,627
3,810,1190
3,811,604
3,812,604
3,813,682
3,814,842
3,815,570
3,816,1394
3,817,576
3,818,503
3,819,850
3,820,644
3,821,711
3,822,630
3,823,578
3,824,1194
3,825,902
3,826,849
3,827,566
3,828,912
3,829,633
3,830,546
3,831,810
3,832,734
3,833,546
3,834,718
3,835,738
3,836,841
3,837,784
3,838,584
3,839,644
3,840,2694
3,841,607
3,842,543
3,843,660
3,844,542
3,845,650
3,846,799
3,847,560
3,848,942
3,849,664
3,850,600
3,851,672
3,852,960
3,853,597
3,854,750
3,855,744
3,856,874
3,857,635
3,858,744
3,859,722
3,860,660
3,861,804
3,862,472
3,863,684
3,864,1970
3,865,736
3,866,709
3,867,616
3,868,632
3,869,614
3,870,1382
3,871,624
3,872,616
3,873,898
3,874,648
3,875,660
3,876,1221
3,877,725
3,878,477
3,879,880
3,880,1166
3,881,739
3,882,818
3,883,606
3,884,994
3,885,666
3,886,636
3,887,680
3,888,1234
3,889,718
3,890,614
3,891,916
3,892,688
3,893,582
3,894,1237
3,895,650
3,896,927
3,897,700
3,898,681
3,899,634
3,900,1339
3,901,818
3,902,526
3,903,1028
3,904,1038
3,905,676
3,906,886
3,907,616
3,908,684
3,909,722
3,910,732
3,911,682
3,912,1907
3,913,642
3,914,567
3,915,1120
3,916,826
3,917,724
3,918,794
3,919,722
3,920,1319
3,921,750
3,922,545
3,923,702
3,924,1294
3,925,708
3,926,655
3,927,672
3,928,988
3,929,801
3,930,1054
3,931,778
3,932,646
3,933,816
3,934,577
3,935,674
3,936,2440
3,937,631
3,938,516
3,939,994
3,940,954
3,941,747
3,942,1008
3,943,766
3,944,978
3,945,1056
3,946,688
3,947,724
3,948,806
3,949,710
3,950,878
3,951,686
3,952,995
3,953,705
3,954,1400
3,955,654
3,956,848
3,957,936
3,958,530
3,959,710
3,960,1880
3,961,982
3,962,502
3,963,666
3,964,934
3,965,652
3,966,923
3,967,694
3,968,1370
3,969,940
3,970,668
3,971,842
3,972,1150
3,973,632
3,974,543
3,975,1326
3,976,834
3,977,651
3,978,1023
3,979,808
3,980,1286
3,981,808
3,982,657
3,983,770
3,984,1596
3,985,778
3,986,834
3,987,724
3,988,697
3,989,1004
3,990,1022
3,991,782
3,992,1112
3,993,792
3,994,810
3,995,722
3,996,1637
3,997,723
3,998,587
3,999,994
3,1000,1074
4,1,10
4,2,17
4,3,24
4,4,45
4,5,55
4,6,81
4,7,92
4,8,137
4,9,151
4,10,186
4,11,238
4,12,291
4,13,246
4,14,340
4,15,349
4,16,525
4,17,424
4,18,477
4,19,513
4,20,713
4,21,704
4,22,668
4,23,654
4,24,1121
4,25,868
4,26,938
4,27,989
4,28,1286
4,29,1356
4,30,1347
4,31,1220
4,32,1671
4,33,1460
4,34,1579
4,35,1613
4,36,2301
4,37,1646
4,38,1824
4,39,2111
4,40,2653
4,41,2131
4,42,2588
4,43,2169
4,44,2857
4,45,2699
4,46,2639
4,47,2452
4,48,3985
4,49,2947
4,50,3314
4,51,3378
4,52,3776
4,53,3250
4,54,3704
4,55,3785
4,56,5213
4,57,4182
4,58,3863
4,59,3987
4,60,6004
4,61,4383
4,62,4472
4,63,5150
4,64,6557
4,65,5107
4,66,5773
4,67,4791
4,68,6260
4,69,6001
4,70,6205
4,71,5799
4,72,8710
4,73,5858
4,74,6223
4,75,7280
4,76,9507
4,77,6953
4,78,7917
4,79,6933
4,80,10208
4,81,8031
4,82,7939
4,83,7408
4,84,10993
4,85,8464
4,86,8568
4,87,9088
4,88,11767
4,89,9145
4,90,10765
4,91,9896
4,92,11188
4,93,10385
4,94,10153
4,95,10048
4,96,15447
4,97,10003
4,98,11249
4,99,12082
4,100,14037
4,101,11361
4,102,13068
4,103,10861
4,104,16150
4,105,14958
4,106,12338
4,107,12102
4,108,16509
4,109,12849
4,110,14390
4,111,15119
4,112,18964
4,113,13293
4,114,16769
4,115,14900
4,116,17484
4,117,16252
4,118,14963
4,119,16058
4,120,25126
4,121,16103
4,122,15670
4,123,17292
4,124,19682
4,125,17760
4,126,20720
4,127,17015
4,128,23185
5,1,16
5,2,37
5,3,82
5,4,134
5,5,209
5,6,336
5,7,477
5,8,733
5,9,863
5,10,1082
5,11,1383
5,12,1948
5,13,2211
5,14,2554
5,15,2936
5,16,4157
5,17,4255
5,18,5080
5,19,5640
5,20,6866
6,1,39
6,2,154
6,3,384
6,4,872
6,5,1582
6,6,2768
6,7,3814
7,1,43
7,2,319
7,3,1059
7,4,2780
8,1,96
8,2,877
